toolcombo,toolcombo2,assembly,num_viruses,prop_vir,numtools
0 0 0 0 1 0,0 0 0 0 VS 0,Aberdeen_Man,0,0,1
0 0 0 0 1 0,0 0 0 0 VS 0,Amsterdam_Leid,0,0,1
0 0 0 0 1 0,0 0 0 0 VS 0,Amsterdam_Wee,0,0,1
0 0 0 0 1 0,0 0 0 0 VS 0,Birmingham_Maria,0,0,1
0 0 0 0 1 0,0 0 0 0 VS 0,Cardiff_Maria,0,0,1
0 0 0 0 1 0,0 0 0 0 VS 0,Dundee_Clat,0,0,1
0 0 0 0 1 0,0 0 0 0 VS 0,Dundee_Maria,0,0,1
0 0 0 0 1 0,0 0 0 0 VS 0,Edinburgh_Glen,0,0,1
0 0 0 0 1 0,0 0 0 0 VS 0,Exeter_Maria,0,0,1
0 0 0 0 1 0,0 0 0 0 VS 0,Glasgow_Bal,0,0,1
0 0 0 0 1 0,0 0 0 0 VS 0,Glasgow_Mil,0,0,1
0 0 0 0 1 0,0 0 0 0 VS 0,London_Maria,0,0,1
0 0 0 0 1 0,0 0 0 0 VS 0,Nieuwkoop_DHB,0,0,1
0 0 0 0 1 0,0 0 0 0 VS 0,South_Holland_Dla,0,0,1
0 0 0 0 1 0,0 0 0 0 VS 0,Spannenburg,0,0,1
0 0 0 1 0 0,0 0 0 VB 0 0,South_Holland_Dla,0,0,1
0 0 0 1 1 0,0 0 0 VB VS 0,South_Holland_Dla,0,0,2
1 0 0 0 0 0,tnv 0 0 0 0 0,Aberdeen_Man,0,0,1
1 0 0 0 0 0,tnv 0 0 0 0 0,Amsterdam_Leid,0,0,1
1 0 0 0 0 0,tnv 0 0 0 0 0,Amsterdam_Wee,0,0,1
1 0 0 0 0 0,tnv 0 0 0 0 0,Birmingham_Maria,0,0,1
1 0 0 0 0 0,tnv 0 0 0 0 0,Cardiff_Maria,0,0,1
1 0 0 0 0 0,tnv 0 0 0 0 0,Dundee_Clat,0,0,1
1 0 0 0 0 0,tnv 0 0 0 0 0,Dundee_Maria,0,0,1
1 0 0 0 0 0,tnv 0 0 0 0 0,Edinburgh_Glen,0,0,1
1 0 0 0 0 0,tnv 0 0 0 0 0,Exeter_Maria,0,0,1
1 0 0 0 0 0,tnv 0 0 0 0 0,Glasgow_Bal,0,0,1
1 0 0 0 0 0,tnv 0 0 0 0 0,Glasgow_Mil,0,0,1
1 0 0 0 0 0,tnv 0 0 0 0 0,London_Maria,0,0,1
1 0 0 0 0 0,tnv 0 0 0 0 0,Nieuwkoop_DHB,0,0,1
1 0 0 0 0 0,tnv 0 0 0 0 0,South_Holland_Dla,0,0,1
1 0 0 0 0 0,tnv 0 0 0 0 0,Spannenburg,0,0,1
1 0 0 0 1 0,tnv 0 0 0 VS 0,Aberdeen_Man,0,0,2
1 0 0 0 1 0,tnv 0 0 0 VS 0,Amsterdam_Leid,0,0,2
1 0 0 0 1 0,tnv 0 0 0 VS 0,Amsterdam_Wee,0,0,2
1 0 0 0 1 0,tnv 0 0 0 VS 0,Birmingham_Maria,0,0,2
1 0 0 0 1 0,tnv 0 0 0 VS 0,Cardiff_Maria,0,0,2
1 0 0 0 1 0,tnv 0 0 0 VS 0,Dundee_Clat,0,0,2
1 0 0 0 1 0,tnv 0 0 0 VS 0,Dundee_Maria,0,0,2
1 0 0 0 1 0,tnv 0 0 0 VS 0,Edinburgh_Glen,0,0,2
1 0 0 0 1 0,tnv 0 0 0 VS 0,Exeter_Maria,0,0,2
1 0 0 0 1 0,tnv 0 0 0 VS 0,Glasgow_Bal,0,0,2
1 0 0 0 1 0,tnv 0 0 0 VS 0,Glasgow_Mil,0,0,2
1 0 0 0 1 0,tnv 0 0 0 VS 0,London_Maria,0,0,2
1 0 0 0 1 0,tnv 0 0 0 VS 0,Nieuwkoop_DHB,0,0,2
1 0 0 0 1 0,tnv 0 0 0 VS 0,South_Holland_Dla,0,0,2
1 0 0 0 1 0,tnv 0 0 0 VS 0,Spannenburg,0,0,2
1 0 0 1 0 0,tnv 0 0 VB 0 0,South_Holland_Dla,0,0,2
1 0 0 1 1 0,tnv 0 0 VB VS 0,South_Holland_Dla,0,0,3
0 0 0 1 0 0,0 0 0 VB 0 0,Amsterdam_Leid,1,0.0011587485515643105,1
0 0 0 1 1 0,0 0 0 VB VS 0,Amsterdam_Leid,1,0.0011587485515643105,2
1 0 0 1 0 0,tnv 0 0 VB 0 0,Amsterdam_Leid,1,0.0011587485515643105,2
1 0 0 1 1 0,tnv 0 0 VB VS 0,Amsterdam_Leid,1,0.0011587485515643105,3
0 0 0 1 0 0,0 0 0 VB 0 0,Amsterdam_Wee,1,0.0019267822736030828,1
0 0 0 1 1 0,0 0 0 VB VS 0,Amsterdam_Wee,1,0.0019267822736030828,2
1 0 0 1 0 0,tnv 0 0 VB 0 0,Amsterdam_Wee,1,0.0019267822736030828,2
1 0 0 1 1 0,tnv 0 0 VB VS 0,Amsterdam_Wee,1,0.0019267822736030828,3
0 0 0 1 0 0,0 0 0 VB 0 0,Spannenburg,9,0.0023923444976076554,1
0 0 0 1 1 0,0 0 0 VB VS 0,Spannenburg,9,0.0023923444976076554,2
1 0 0 1 0 0,tnv 0 0 VB 0 0,Spannenburg,9,0.0023923444976076554,2
1 0 0 1 1 0,tnv 0 0 VB VS 0,Spannenburg,9,0.0023923444976076554,3
0 0 0 1 0 0,0 0 0 VB 0 0,Nieuwkoop_DHB,2,0.0026845637583892616,1
0 0 0 1 1 0,0 0 0 VB VS 0,Nieuwkoop_DHB,2,0.0026845637583892616,2
1 0 0 1 0 0,tnv 0 0 VB 0 0,Nieuwkoop_DHB,2,0.0026845637583892616,2
1 0 0 1 1 0,tnv 0 0 VB VS 0,Nieuwkoop_DHB,2,0.0026845637583892616,3
1 0 1 0 0 0,tnv 0 tv 0 0 0,South_Holland_Dla,3,0.014705882352941176,2
1 0 1 0 1 0,tnv 0 tv 0 VS 0,South_Holland_Dla,3,0.014705882352941176,3
1 0 1 1 0 0,tnv 0 tv VB 0 0,South_Holland_Dla,3,0.014705882352941176,3
1 0 1 1 1 0,tnv 0 tv VB VS 0,South_Holland_Dla,3,0.014705882352941176,4
0 0 0 1 0 0,0 0 0 VB 0 0,London_Maria,10,0.015552099533437015,1
0 0 0 1 1 0,0 0 0 VB VS 0,London_Maria,10,0.015552099533437015,2
1 0 0 1 0 0,tnv 0 0 VB 0 0,London_Maria,10,0.015552099533437015,2
1 0 0 1 1 0,tnv 0 0 VB VS 0,London_Maria,10,0.015552099533437015,3
0 0 0 1 0 0,0 0 0 VB 0 0,Dundee_Clat,19,0.015899581589958158,1
0 0 0 1 1 0,0 0 0 VB VS 0,Dundee_Clat,19,0.015899581589958158,2
1 0 0 1 0 0,tnv 0 0 VB 0 0,Dundee_Clat,19,0.015899581589958158,2
1 0 0 1 1 0,tnv 0 0 VB VS 0,Dundee_Clat,19,0.015899581589958158,3
1 1 0 0 0 0,tnv DVF 0 0 0 0,Amsterdam_Wee,9,0.017341040462427744,2
1 1 0 0 1 0,tnv DVF 0 0 VS 0,Amsterdam_Wee,9,0.017341040462427744,3
0 0 0 1 0 0,0 0 0 VB 0 0,Birmingham_Maria,10,0.018281535648994516,1
0 0 0 1 1 0,0 0 0 VB VS 0,Birmingham_Maria,10,0.018281535648994516,2
1 0 0 1 0 0,tnv 0 0 VB 0 0,Birmingham_Maria,10,0.018281535648994516,2
1 0 0 1 1 0,tnv 0 0 VB VS 0,Birmingham_Maria,10,0.018281535648994516,3
1 1 0 0 0 0,tnv DVF 0 0 0 0,Exeter_Maria,3,0.018633540372670808,2
1 1 0 0 1 0,tnv DVF 0 0 VS 0,Exeter_Maria,3,0.018633540372670808,3
1 1 0 1 0 0,tnv DVF 0 VB 0 0,Amsterdam_Wee,10,0.019267822736030827,3
1 1 0 1 1 0,tnv DVF 0 VB VS 0,Amsterdam_Wee,10,0.019267822736030827,4
0 0 0 1 0 0,0 0 0 VB 0 0,Cardiff_Maria,12,0.01957585644371941,1
0 0 0 1 1 0,0 0 0 VB VS 0,Cardiff_Maria,12,0.01957585644371941,2
1 0 0 1 0 0,tnv 0 0 VB 0 0,Cardiff_Maria,12,0.01957585644371941,2
1 0 0 1 1 0,tnv 0 0 VB VS 0,Cardiff_Maria,12,0.01957585644371941,3
1 0 1 0 0 0,tnv 0 tv 0 0 0,Amsterdam_Wee,11,0.02119460500963391,2
1 0 1 0 1 0,tnv 0 tv 0 VS 0,Amsterdam_Wee,11,0.02119460500963391,3
0 0 0 1 0 0,0 0 0 VB 0 0,Edinburgh_Glen,51,0.023809523809523808,1
0 0 0 1 1 0,0 0 0 VB VS 0,Edinburgh_Glen,51,0.023809523809523808,2
1 0 0 1 0 0,tnv 0 0 VB 0 0,Edinburgh_Glen,51,0.023809523809523808,2
1 0 0 1 1 0,tnv 0 0 VB VS 0,Edinburgh_Glen,51,0.023809523809523808,3
1 1 0 0 0 0,tnv DVF 0 0 0 0,Cardiff_Maria,15,0.024469820554649267,2
1 1 0 0 1 0,tnv DVF 0 0 VS 0,Cardiff_Maria,15,0.024469820554649267,3
0 1 0 0 0 0,0 DVF 0 0 0 0,Exeter_Maria,4,0.024844720496894408,1
0 1 0 0 1 0,0 DVF 0 0 VS 0,Exeter_Maria,4,0.024844720496894408,2
1 0 1 0 0 0,tnv 0 tv 0 0 0,Nieuwkoop_DHB,19,0.025503355704697986,2
1 0 1 0 1 0,tnv 0 tv 0 VS 0,Nieuwkoop_DHB,19,0.025503355704697986,3
0 0 0 1 0 0,0 0 0 VB 0 0,Glasgow_Mil,5,0.02577319587628866,1
0 0 0 1 1 0,0 0 0 VB VS 0,Glasgow_Mil,5,0.02577319587628866,2
1 0 0 1 0 0,tnv 0 0 VB 0 0,Glasgow_Mil,5,0.02577319587628866,2
1 0 0 1 1 0,tnv 0 0 VB VS 0,Glasgow_Mil,5,0.02577319587628866,3
1 0 1 1 0 0,tnv 0 tv VB 0 0,Nieuwkoop_DHB,21,0.028187919463087248,3
1 0 1 1 1 0,tnv 0 tv VB VS 0,Nieuwkoop_DHB,21,0.028187919463087248,4
1 0 1 1 0 0,tnv 0 tv VB 0 0,Amsterdam_Wee,15,0.028901734104046242,3
1 0 1 1 1 0,tnv 0 tv VB VS 0,Amsterdam_Wee,15,0.028901734104046242,4
1 0 1 0 0 0,tnv 0 tv 0 0 0,Spannenburg,115,0.030568846358320044,2
1 0 1 0 1 0,tnv 0 tv 0 VS 0,Spannenburg,115,0.030568846358320044,3
1 1 0 0 0 0,tnv DVF 0 0 0 0,Spannenburg,116,0.03083466241360978,2
1 1 0 0 1 0,tnv DVF 0 0 VS 0,Spannenburg,116,0.03083466241360978,3
1 1 0 0 0 0,tnv DVF 0 0 0 0,Glasgow_Mil,6,0.030927835051546393,2
1 1 0 0 1 0,tnv DVF 0 0 VS 0,Glasgow_Mil,6,0.030927835051546393,3
1 0 0 1 0 0,tnv 0 0 VB 0 0,Aberdeen_Man,38,0.031799163179916316,2
1 0 0 1 1 0,tnv 0 0 VB VS 0,Aberdeen_Man,38,0.031799163179916316,3
1 0 1 1 0 0,tnv 0 tv VB 0 0,Spannenburg,122,0.03242955874534822,3
1 0 1 1 1 0,tnv 0 tv VB VS 0,Spannenburg,122,0.03242955874534822,4
0 0 0 1 0 0,0 0 0 VB 0 0,Aberdeen_Man,39,0.032635983263598324,1
0 0 0 1 1 0,0 0 0 VB VS 0,Aberdeen_Man,39,0.032635983263598324,2
1 1 0 1 0 0,tnv DVF 0 VB 0 0,Spannenburg,125,0.03322700691121744,3
1 1 0 1 1 0,tnv DVF 0 VB VS 0,Spannenburg,125,0.03322700691121744,4
1 1 0 0 0 0,tnv DVF 0 0 0 0,South_Holland_Dla,7,0.03431372549019608,2
1 1 0 0 1 0,tnv DVF 0 0 VS 0,South_Holland_Dla,7,0.03431372549019608,3
1 1 0 1 0 0,tnv DVF 0 VB 0 0,South_Holland_Dla,7,0.03431372549019608,3
1 1 0 1 1 0,tnv DVF 0 VB VS 0,South_Holland_Dla,7,0.03431372549019608,4
1 1 0 0 0 0,tnv DVF 0 0 0 0,Birmingham_Maria,19,0.03473491773308958,2
1 1 0 0 1 0,tnv DVF 0 0 VS 0,Birmingham_Maria,19,0.03473491773308958,3
0 0 0 1 0 0,0 0 0 VB 0 0,Glasgow_Bal,14,0.03753351206434316,1
0 0 0 1 1 0,0 0 0 VB VS 0,Glasgow_Bal,14,0.03753351206434316,2
1 0 0 1 0 0,tnv 0 0 VB 0 0,Glasgow_Bal,14,0.03753351206434316,2
1 0 0 1 1 0,tnv 0 0 VB VS 0,Glasgow_Bal,14,0.03753351206434316,3
0 1 0 0 0 0,0 DVF 0 0 0 0,Amsterdam_Wee,20,0.038535645472061654,1
0 1 0 0 1 0,0 DVF 0 0 VS 0,Amsterdam_Wee,20,0.038535645472061654,2
1 1 0 0 0 0,tnv DVF 0 0 0 0,Dundee_Clat,47,0.03933054393305439,2
1 1 0 0 1 0,tnv DVF 0 0 VS 0,Dundee_Clat,47,0.03933054393305439,3
0 1 0 0 0 0,0 DVF 0 0 0 0,Birmingham_Maria,22,0.04021937842778794,1
0 1 0 0 1 0,0 DVF 0 0 VS 0,Birmingham_Maria,22,0.04021937842778794,2
0 1 0 1 0 0,0 DVF 0 VB 0 0,Amsterdam_Wee,21,0.04046242774566474,2
0 1 0 1 1 0,0 DVF 0 VB VS 0,Amsterdam_Wee,21,0.04046242774566474,3
0 1 0 0 0 0,0 DVF 0 0 0 0,Glasgow_Mil,8,0.041237113402061855,1
0 1 0 0 1 0,0 DVF 0 0 VS 0,Glasgow_Mil,8,0.041237113402061855,2
0 0 0 1 0 0,0 0 0 VB 0 0,Dundee_Maria,10,0.0425531914893617,1
0 0 0 1 1 0,0 0 0 VB VS 0,Dundee_Maria,10,0.0425531914893617,2
1 0 0 1 0 0,tnv 0 0 VB 0 0,Dundee_Maria,10,0.0425531914893617,2
1 0 0 1 1 0,tnv 0 0 VB VS 0,Dundee_Maria,10,0.0425531914893617,3
1 1 0 1 0 0,tnv DVF 0 VB 0 0,Cardiff_Maria,27,0.04404567699836868,3
1 1 0 1 1 0,tnv DVF 0 VB VS 0,Cardiff_Maria,27,0.04404567699836868,4
1 0 0 0 0 1,tnv 0 0 0 0 VS2,South_Holland_Dla,9,0.04411764705882353,2
1 0 0 0 1 1,tnv 0 0 0 VS VS2,South_Holland_Dla,9,0.04411764705882353,3
1 0 0 1 0 1,tnv 0 0 VB 0 VS2,South_Holland_Dla,9,0.04411764705882353,3
1 0 0 1 1 1,tnv 0 0 VB VS VS2,South_Holland_Dla,9,0.04411764705882353,4
1 1 0 0 0 0,tnv DVF 0 0 0 0,Nieuwkoop_DHB,33,0.04429530201342282,2
1 1 0 0 1 0,tnv DVF 0 0 VS 0,Nieuwkoop_DHB,33,0.04429530201342282,3
1 0 0 0 0 1,tnv 0 0 0 0 VS2,Amsterdam_Wee,24,0.046242774566473986,2
1 0 0 0 1 1,tnv 0 0 0 VS VS2,Amsterdam_Wee,24,0.046242774566473986,3
1 1 0 0 0 0,tnv DVF 0 0 0 0,Dundee_Maria,11,0.04680851063829787,2
1 1 0 0 1 0,tnv DVF 0 0 VS 0,Dundee_Maria,11,0.04680851063829787,3
1 1 0 1 0 0,tnv DVF 0 VB 0 0,Nieuwkoop_DHB,35,0.04697986577181208,3
1 1 0 1 1 0,tnv DVF 0 VB VS 0,Nieuwkoop_DHB,35,0.04697986577181208,4
1 1 1 0 0 0,tnv DVF tv 0 0 0,Amsterdam_Wee,25,0.04816955684007707,3
1 1 1 0 1 0,tnv DVF tv 0 VS 0,Amsterdam_Wee,25,0.04816955684007707,4
0 0 1 0 0 0,0 0 tv 0 0 0,South_Holland_Dla,10,0.049019607843137254,1
0 0 1 0 1 0,0 0 tv 0 VS 0,South_Holland_Dla,10,0.049019607843137254,2
0 0 1 1 0 0,0 0 tv VB 0 0,South_Holland_Dla,10,0.049019607843137254,2
0 0 1 1 1 0,0 0 tv VB VS 0,South_Holland_Dla,10,0.049019607843137254,3
1 1 1 0 0 0,tnv DVF tv 0 0 0,South_Holland_Dla,10,0.049019607843137254,3
1 1 1 0 1 0,tnv DVF tv 0 VS 0,South_Holland_Dla,10,0.049019607843137254,4
1 1 1 1 0 0,tnv DVF tv VB 0 0,South_Holland_Dla,10,0.049019607843137254,4
1 1 1 1 1 0,tnv DVF tv VB VS 0,South_Holland_Dla,10,0.049019607843137254,5
1 1 0 1 0 0,tnv DVF 0 VB 0 0,Birmingham_Maria,28,0.051188299817184646,3
1 1 0 1 1 0,tnv DVF 0 VB VS 0,Birmingham_Maria,28,0.051188299817184646,4
1 0 0 1 0 1,tnv 0 0 VB 0 VS2,Amsterdam_Wee,27,0.05202312138728324,3
1 0 0 1 1 1,tnv 0 0 VB VS VS2,Amsterdam_Wee,27,0.05202312138728324,4
0 1 0 0 0 0,0 DVF 0 0 0 0,Spannenburg,196,0.052099946836788945,1
0 1 0 0 1 0,0 DVF 0 0 VS 0,Spannenburg,196,0.052099946836788945,2
0 1 0 0 0 0,0 DVF 0 0 0 0,South_Holland_Dla,11,0.05392156862745098,1
0 1 0 0 1 0,0 DVF 0 0 VS 0,South_Holland_Dla,11,0.05392156862745098,2
0 1 0 1 0 0,0 DVF 0 VB 0 0,South_Holland_Dla,11,0.05392156862745098,2
0 1 0 1 1 0,0 DVF 0 VB VS 0,South_Holland_Dla,11,0.05392156862745098,3
0 1 0 1 0 0,0 DVF 0 VB 0 0,Spannenburg,205,0.0544922913343966,2
0 1 0 1 1 0,0 DVF 0 VB VS 0,Spannenburg,205,0.0544922913343966,3
1 1 0 1 0 0,tnv DVF 0 VB 0 0,Dundee_Clat,66,0.055230125523012555,3
1 1 0 1 1 0,tnv DVF 0 VB VS 0,Dundee_Clat,66,0.055230125523012555,4
1 1 1 1 0 0,tnv DVF tv VB 0 0,Amsterdam_Wee,29,0.055876685934489405,4
1 1 1 1 1 0,tnv DVF tv VB VS 0,Amsterdam_Wee,29,0.055876685934489405,5
0 0 0 1 0 0,0 0 0 VB 0 0,Exeter_Maria,9,0.055900621118012424,1
0 0 0 1 1 0,0 0 0 VB VS 0,Exeter_Maria,9,0.055900621118012424,2
1 0 0 1 0 0,tnv 0 0 VB 0 0,Exeter_Maria,9,0.055900621118012424,2
1 0 0 1 1 0,tnv 0 0 VB VS 0,Exeter_Maria,9,0.055900621118012424,3
0 1 0 1 0 0,0 DVF 0 VB 0 0,Birmingham_Maria,31,0.056672760511883,2
0 1 0 1 1 0,0 DVF 0 VB VS 0,Birmingham_Maria,31,0.056672760511883,3
1 1 0 1 0 0,tnv DVF 0 VB 0 0,Glasgow_Mil,11,0.05670103092783505,3
1 1 0 1 1 0,tnv DVF 0 VB VS 0,Glasgow_Mil,11,0.05670103092783505,4
0 1 0 0 0 0,0 DVF 0 0 0 0,Cardiff_Maria,35,0.057096247960848286,1
0 1 0 0 1 0,0 DVF 0 0 VS 0,Cardiff_Maria,35,0.057096247960848286,2
0 1 0 0 0 0,0 DVF 0 0 0 0,Dundee_Maria,14,0.059574468085106386,1
0 1 0 0 1 0,0 DVF 0 0 VS 0,Dundee_Maria,14,0.059574468085106386,2
1 0 1 0 0 0,tnv 0 tv 0 0 0,Amsterdam_Leid,53,0.06141367323290846,2
1 0 1 0 1 0,tnv 0 tv 0 VS 0,Amsterdam_Leid,53,0.06141367323290846,3
0 1 0 0 0 0,0 DVF 0 0 0 0,Dundee_Clat,75,0.06276150627615062,1
0 1 0 0 1 0,0 DVF 0 0 VS 0,Dundee_Clat,75,0.06276150627615062,2
1 1 0 0 0 1,tnv DVF 0 0 0 VS2,South_Holland_Dla,13,0.06372549019607843,3
1 1 0 0 1 1,tnv DVF 0 0 VS VS2,South_Holland_Dla,13,0.06372549019607843,4
1 1 0 1 0 1,tnv DVF 0 VB 0 VS2,South_Holland_Dla,13,0.06372549019607843,4
1 1 0 1 1 1,tnv DVF 0 VB VS VS2,South_Holland_Dla,13,0.06372549019607843,5
1 0 1 1 0 0,tnv 0 tv VB 0 0,Amsterdam_Leid,56,0.06488991888760139,3
1 0 1 1 1 0,tnv 0 tv VB VS 0,Amsterdam_Leid,56,0.06488991888760139,4
1 1 0 0 0 1,tnv DVF 0 0 0 VS2,Amsterdam_Wee,34,0.06551059730250482,3
1 1 0 0 1 1,tnv DVF 0 0 VS VS2,Amsterdam_Wee,34,0.06551059730250482,4
0 1 0 1 0 0,0 DVF 0 VB 0 0,Glasgow_Mil,13,0.06701030927835051,2
0 1 0 1 1 0,0 DVF 0 VB VS 0,Glasgow_Mil,13,0.06701030927835051,3
0 1 0 0 0 0,0 DVF 0 0 0 0,Nieuwkoop_DHB,50,0.06711409395973154,1
0 1 0 0 1 0,0 DVF 0 0 VS 0,Nieuwkoop_DHB,50,0.06711409395973154,2
1 0 0 0 0 1,tnv 0 0 0 0 VS2,Spannenburg,254,0.06751727804359384,2
1 0 0 0 1 1,tnv 0 0 0 VS VS2,Spannenburg,254,0.06751727804359384,3
1 0 0 0 0 1,tnv 0 0 0 0 VS2,Nieuwkoop_DHB,51,0.06845637583892618,2
1 0 0 0 1 1,tnv 0 0 0 VS VS2,Nieuwkoop_DHB,51,0.06845637583892618,3
1 0 1 0 0 1,tnv 0 tv 0 0 VS2,South_Holland_Dla,14,0.06862745098039216,3
1 0 1 0 1 1,tnv 0 tv 0 VS VS2,South_Holland_Dla,14,0.06862745098039216,4
1 0 1 1 0 1,tnv 0 tv VB 0 VS2,South_Holland_Dla,14,0.06862745098039216,4
1 0 1 1 1 1,tnv 0 tv VB VS VS2,South_Holland_Dla,14,0.06862745098039216,5
1 1 1 0 0 0,tnv DVF tv 0 0 0,Spannenburg,259,0.06884635832004253,3
1 1 1 0 1 0,tnv DVF tv 0 VS 0,Spannenburg,259,0.06884635832004253,4
1 1 0 0 0 0,tnv DVF 0 0 0 0,Amsterdam_Leid,60,0.06952491309385864,2
1 1 0 0 1 0,tnv DVF 0 0 VS 0,Amsterdam_Leid,60,0.06952491309385864,3
0 1 0 1 0 0,0 DVF 0 VB 0 0,Nieuwkoop_DHB,52,0.0697986577181208,2
0 1 0 1 1 0,0 DVF 0 VB VS 0,Nieuwkoop_DHB,52,0.0697986577181208,3
1 1 1 0 0 0,tnv DVF tv 0 0 0,Nieuwkoop_DHB,52,0.0697986577181208,3
1 1 1 0 1 0,tnv DVF tv 0 VS 0,Nieuwkoop_DHB,52,0.0697986577181208,4
1 1 1 1 0 0,tnv DVF tv VB 0 0,Spannenburg,265,0.07044125465178097,4
1 1 1 1 1 0,tnv DVF tv VB VS 0,Spannenburg,265,0.07044125465178097,5
1 1 0 1 0 0,tnv DVF 0 VB 0 0,Amsterdam_Leid,61,0.07068366164542295,3
1 1 0 1 1 0,tnv DVF 0 VB VS 0,Amsterdam_Leid,61,0.07068366164542295,4
1 0 0 1 0 1,tnv 0 0 VB 0 VS2,Spannenburg,268,0.07123870281765018,3
1 0 0 1 1 1,tnv 0 0 VB VS VS2,Spannenburg,268,0.07123870281765018,4
1 1 0 1 0 1,tnv DVF 0 VB 0 VS2,Amsterdam_Wee,37,0.07129094412331406,4
1 1 0 1 1 1,tnv DVF 0 VB VS VS2,Amsterdam_Wee,37,0.07129094412331406,5
1 0 0 1 0 1,tnv 0 0 VB 0 VS2,Nieuwkoop_DHB,54,0.07248322147651007,3
1 0 0 1 1 1,tnv 0 0 VB VS VS2,Nieuwkoop_DHB,54,0.07248322147651007,4
1 1 1 1 0 0,tnv DVF tv VB 0 0,Nieuwkoop_DHB,54,0.07248322147651007,4
1 1 1 1 1 0,tnv DVF tv VB VS 0,Nieuwkoop_DHB,54,0.07248322147651007,5
1 1 0 1 0 0,tnv DVF 0 VB 0 0,Exeter_Maria,12,0.07453416149068323,3
1 1 0 1 1 0,tnv DVF 0 VB VS 0,Exeter_Maria,12,0.07453416149068323,4
0 1 0 1 0 0,0 DVF 0 VB 0 0,Cardiff_Maria,47,0.0766721044045677,2
0 1 0 1 1 0,0 DVF 0 VB VS 0,Cardiff_Maria,47,0.0766721044045677,3
1 0 1 0 0 0,tnv 0 tv 0 0 0,Birmingham_Maria,42,0.07678244972577697,2
1 0 1 0 1 0,tnv 0 tv 0 VS 0,Birmingham_Maria,42,0.07678244972577697,3
0 1 0 1 0 0,0 DVF 0 VB 0 0,Dundee_Clat,94,0.07866108786610879,2
0 1 0 1 1 0,0 DVF 0 VB VS 0,Dundee_Clat,94,0.07866108786610879,3
0 1 0 1 0 0,0 DVF 0 VB 0 0,Exeter_Maria,13,0.08074534161490683,2
0 1 0 1 1 0,0 DVF 0 VB VS 0,Exeter_Maria,13,0.08074534161490683,3
1 1 0 0 0 1,tnv DVF 0 0 0 VS2,Nieuwkoop_DHB,61,0.08187919463087248,3
1 1 0 0 1 1,tnv DVF 0 0 VS VS2,Nieuwkoop_DHB,61,0.08187919463087248,4
0 0 1 0 0 0,0 0 tv 0 0 0,Spannenburg,315,0.08373205741626795,1
0 0 1 0 1 0,0 0 tv 0 VS 0,Spannenburg,315,0.08373205741626795,2
0 0 1 1 0 0,0 0 tv VB 0 0,Spannenburg,322,0.08559276980329612,2
0 0 1 1 1 0,0 0 tv VB VS 0,Spannenburg,322,0.08559276980329612,3
1 1 0 1 0 1,tnv DVF 0 VB 0 VS2,Nieuwkoop_DHB,64,0.08590604026845637,4
1 1 0 1 1 1,tnv DVF 0 VB VS VS2,Nieuwkoop_DHB,64,0.08590604026845637,5
1 0 1 1 0 0,tnv 0 tv VB 0 0,Birmingham_Maria,48,0.08775137111517367,3
1 0 1 1 1 0,tnv 0 tv VB VS 0,Birmingham_Maria,48,0.08775137111517367,4
1 1 1 0 0 1,tnv DVF tv 0 0 VS2,South_Holland_Dla,18,0.08823529411764706,4
1 1 1 0 1 1,tnv DVF tv 0 VS VS2,South_Holland_Dla,18,0.08823529411764706,5
1 1 1 1 0 1,tnv DVF tv VB 0 VS2,South_Holland_Dla,18,0.08823529411764706,5
1 1 1 1 1 1,tnv DVF tv VB VS VS2,South_Holland_Dla,18,0.08823529411764706,6
0 0 1 0 0 0,0 0 tv 0 0 0,Nieuwkoop_DHB,66,0.08859060402684564,1
0 0 1 0 1 0,0 0 tv 0 VS 0,Nieuwkoop_DHB,66,0.08859060402684564,2
1 1 0 1 0 0,tnv DVF 0 VB 0 0,Dundee_Maria,21,0.08936170212765958,3
1 1 0 1 1 0,tnv DVF 0 VB VS 0,Dundee_Maria,21,0.08936170212765958,4
1 1 0 0 0 0,tnv DVF 0 0 0 0,London_Maria,58,0.09020217729393468,2
1 1 0 0 1 0,tnv DVF 0 0 VS 0,London_Maria,58,0.09020217729393468,3
0 0 1 1 0 0,0 0 tv VB 0 0,Nieuwkoop_DHB,68,0.0912751677852349,2
0 0 1 1 1 0,0 0 tv VB VS 0,Nieuwkoop_DHB,68,0.0912751677852349,3
1 0 1 0 0 0,tnv 0 tv 0 0 0,Cardiff_Maria,56,0.09135399673735727,2
1 0 1 0 1 0,tnv 0 tv 0 VS 0,Cardiff_Maria,56,0.09135399673735727,3
1 1 0 0 0 1,tnv DVF 0 0 0 VS2,Spannenburg,347,0.0922381711855396,3
1 1 0 0 1 1,tnv DVF 0 0 VS VS2,Spannenburg,347,0.0922381711855396,4
0 1 0 0 0 0,0 DVF 0 0 0 0,Amsterdam_Leid,80,0.09269988412514485,1
0 1 0 0 1 0,0 DVF 0 0 VS 0,Amsterdam_Leid,80,0.09269988412514485,2
0 1 0 1 0 0,0 DVF 0 VB 0 0,Amsterdam_Leid,81,0.09385863267670916,2
0 1 0 1 1 0,0 DVF 0 VB VS 0,Amsterdam_Leid,81,0.09385863267670916,3
1 1 0 1 0 1,tnv DVF 0 VB 0 VS2,Spannenburg,361,0.09595959595959595,4
1 1 0 1 1 1,tnv DVF 0 VB VS VS2,Spannenburg,361,0.09595959595959595,5
1 0 1 1 0 0,tnv 0 tv VB 0 0,Cardiff_Maria,59,0.09624796084828711,3
1 0 1 1 1 0,tnv 0 tv VB VS 0,Cardiff_Maria,59,0.09624796084828711,4
0 1 0 1 0 0,0 DVF 0 VB 0 0,Dundee_Maria,24,0.10212765957446808,2
0 1 0 1 1 0,0 DVF 0 VB VS 0,Dundee_Maria,24,0.10212765957446808,3
1 1 1 0 0 0,tnv DVF tv 0 0 0,Birmingham_Maria,57,0.10420475319926874,3
1 1 1 0 1 0,tnv DVF tv 0 VS 0,Birmingham_Maria,57,0.10420475319926874,4
1 0 0 0 0 1,tnv 0 0 0 0 VS2,Cardiff_Maria,64,0.10440456769983687,2
1 0 0 0 1 1,tnv 0 0 0 VS VS2,Cardiff_Maria,64,0.10440456769983687,3
1 1 0 1 0 0,tnv DVF 0 VB 0 0,London_Maria,68,0.1057542768273717,3
1 1 0 1 1 0,tnv DVF 0 VB VS 0,London_Maria,68,0.1057542768273717,4
0 1 0 0 0 0,0 DVF 0 0 0 0,London_Maria,69,0.10730948678071539,1
0 1 0 0 1 0,0 DVF 0 0 VS 0,London_Maria,69,0.10730948678071539,2
1 1 0 0 0 0,tnv DVF 0 0 0 0,Glasgow_Bal,41,0.10991957104557641,2
1 1 0 0 1 0,tnv DVF 0 0 VS 0,Glasgow_Bal,41,0.10991957104557641,3
1 0 1 0 0 0,tnv 0 tv 0 0 0,Dundee_Clat,132,0.11046025104602511,2
1 0 1 0 1 0,tnv 0 tv 0 VS 0,Dundee_Clat,132,0.11046025104602511,3
1 0 0 0 0 1,tnv 0 0 0 0 VS2,Birmingham_Maria,61,0.11151736745886655,2
1 0 0 0 1 1,tnv 0 0 0 VS VS2,Birmingham_Maria,61,0.11151736745886655,3
0 0 1 0 0 0,0 0 tv 0 0 0,Amsterdam_Wee,59,0.11368015414258188,1
0 0 1 0 1 0,0 0 tv 0 VS 0,Amsterdam_Wee,59,0.11368015414258188,2
1 1 1 1 0 0,tnv DVF tv VB 0 0,Birmingham_Maria,63,0.11517367458866545,4
1 1 1 1 1 0,tnv DVF tv VB VS 0,Birmingham_Maria,63,0.11517367458866545,5
1 1 1 0 0 0,tnv DVF tv 0 0 0,Amsterdam_Leid,100,0.11587485515643106,3
1 1 1 0 1 0,tnv DVF tv 0 VS 0,Amsterdam_Leid,100,0.11587485515643106,4
1 0 1 1 0 0,tnv 0 tv VB 0 0,Dundee_Clat,139,0.11631799163179916,3
1 0 1 1 1 0,tnv 0 tv VB VS 0,Dundee_Clat,139,0.11631799163179916,4
1 0 0 1 0 1,tnv 0 0 VB 0 VS2,Cardiff_Maria,72,0.11745513866231648,3
1 0 0 1 1 1,tnv 0 0 VB VS VS2,Cardiff_Maria,72,0.11745513866231648,4
1 1 1 1 0 0,tnv DVF tv VB 0 0,Amsterdam_Leid,103,0.11935110081112399,4
1 1 1 1 1 0,tnv DVF tv VB VS 0,Amsterdam_Leid,103,0.11935110081112399,5
1 0 1 0 0 1,tnv 0 tv 0 0 VS2,Nieuwkoop_DHB,89,0.11946308724832215,3
1 0 1 0 1 1,tnv 0 tv 0 VS VS2,Nieuwkoop_DHB,89,0.11946308724832215,4
1 0 0 1 0 1,tnv 0 0 VB 0 VS2,Birmingham_Maria,66,0.1206581352833638,3
1 0 0 1 1 1,tnv 0 0 VB VS VS2,Birmingham_Maria,66,0.1206581352833638,4
0 0 1 1 0 0,0 0 tv VB 0 0,Amsterdam_Wee,63,0.12138728323699421,2
0 0 1 1 1 0,0 0 tv VB VS 0,Amsterdam_Wee,63,0.12138728323699421,3
1 0 1 1 0 1,tnv 0 tv VB 0 VS2,Nieuwkoop_DHB,91,0.1221476510067114,4
1 0 1 1 1 1,tnv 0 tv VB VS VS2,Nieuwkoop_DHB,91,0.1221476510067114,5
0 1 1 0 0 0,0 DVF tv 0 0 0,South_Holland_Dla,25,0.12254901960784313,2
0 1 1 0 1 0,0 DVF tv 0 VS 0,South_Holland_Dla,25,0.12254901960784313,3
0 1 1 1 0 0,0 DVF tv VB 0 0,South_Holland_Dla,25,0.12254901960784313,3
0 1 1 1 1 0,0 DVF tv VB VS 0,South_Holland_Dla,25,0.12254901960784313,4
0 0 1 0 0 0,0 0 tv 0 0 0,Amsterdam_Leid,106,0.12282734646581692,1
0 0 1 0 1 0,0 0 tv 0 VS 0,Amsterdam_Leid,106,0.12282734646581692,2
0 1 0 1 0 0,0 DVF 0 VB 0 0,London_Maria,79,0.12286158631415241,2
0 1 0 1 1 0,0 DVF 0 VB VS 0,London_Maria,79,0.12286158631415241,3
1 0 1 0 0 0,tnv 0 tv 0 0 0,London_Maria,80,0.12441679626749612,2
1 0 1 0 1 0,tnv 0 tv 0 VS 0,London_Maria,80,0.12441679626749612,3
0 0 1 1 0 0,0 0 tv VB 0 0,Amsterdam_Leid,109,0.12630359212050984,2
0 0 1 1 1 0,0 0 tv VB VS 0,Amsterdam_Leid,109,0.12630359212050984,3
1 0 1 0 0 1,tnv 0 tv 0 0 VS2,Amsterdam_Wee,66,0.12716763005780346,3
1 0 1 0 1 1,tnv 0 tv 0 VS VS2,Amsterdam_Wee,66,0.12716763005780346,4
1 1 0 0 0 1,tnv DVF 0 0 0 VS2,Birmingham_Maria,70,0.12797074954296161,3
1 1 0 0 1 1,tnv DVF 0 0 VS VS2,Birmingham_Maria,70,0.12797074954296161,4
1 0 1 0 0 1,tnv 0 tv 0 0 VS2,Spannenburg,483,0.1283891547049442,3
1 0 1 0 1 1,tnv 0 tv 0 VS VS2,Spannenburg,483,0.1283891547049442,4
1 0 1 1 0 1,tnv 0 tv VB 0 VS2,Amsterdam_Wee,67,0.12909441233140656,4
1 0 1 1 1 1,tnv 0 tv VB VS VS2,Amsterdam_Wee,67,0.12909441233140656,5
1 0 1 1 0 1,tnv 0 tv VB 0 VS2,Spannenburg,490,0.13024986709197237,4
1 0 1 1 1 1,tnv 0 tv VB VS VS2,Spannenburg,490,0.13024986709197237,5
1 1 0 0 0 1,tnv DVF 0 0 0 VS2,Cardiff_Maria,80,0.13050570962479607,3
1 1 0 0 1 1,tnv DVF 0 0 VS VS2,Cardiff_Maria,80,0.13050570962479607,4
1 0 0 0 0 1,tnv 0 0 0 0 VS2,Amsterdam_Leid,113,0.13093858632676708,2
1 0 0 0 1 1,tnv 0 0 0 VS VS2,Amsterdam_Leid,113,0.13093858632676708,3
1 0 1 1 0 0,tnv 0 tv VB 0 0,London_Maria,85,0.1321928460342146,3
1 0 1 1 1 0,tnv 0 tv VB VS 0,London_Maria,85,0.1321928460342146,4
1 1 0 1 0 1,tnv DVF 0 VB 0 VS2,Birmingham_Maria,74,0.13528336380255943,4
1 1 0 1 1 1,tnv DVF 0 VB VS VS2,Birmingham_Maria,74,0.13528336380255943,5
1 0 0 1 0 1,tnv 0 0 VB 0 VS2,Amsterdam_Leid,117,0.13557358053302435,3
1 0 0 1 1 1,tnv 0 0 VB VS VS2,Amsterdam_Leid,117,0.13557358053302435,4
1 1 1 0 0 0,tnv DVF tv 0 0 0,Cardiff_Maria,85,0.13866231647634583,3
1 1 1 0 1 0,tnv DVF tv 0 VS 0,Cardiff_Maria,85,0.13866231647634583,4
1 1 1 0 0 1,tnv DVF tv 0 0 VS2,Nieuwkoop_DHB,104,0.1395973154362416,4
1 1 1 0 1 1,tnv DVF tv 0 VS VS2,Nieuwkoop_DHB,104,0.1395973154362416,5
1 1 1 1 0 1,tnv DVF tv VB 0 VS2,Nieuwkoop_DHB,106,0.14228187919463087,5
1 1 1 1 1 1,tnv DVF tv VB VS VS2,Nieuwkoop_DHB,106,0.14228187919463087,6
1 1 0 1 0 1,tnv DVF 0 VB 0 VS2,Cardiff_Maria,88,0.14355628058727568,4
1 1 0 1 1 1,tnv DVF 0 VB VS VS2,Cardiff_Maria,88,0.14355628058727568,5
1 1 1 1 0 0,tnv DVF tv VB 0 0,Cardiff_Maria,88,0.14355628058727568,4
1 1 1 1 1 0,tnv DVF tv VB VS 0,Cardiff_Maria,88,0.14355628058727568,5
1 1 1 0 0 1,tnv DVF tv 0 0 VS2,Amsterdam_Wee,75,0.14450867052023122,4
1 1 1 0 1 1,tnv DVF tv 0 VS VS2,Amsterdam_Wee,75,0.14450867052023122,5
1 1 1 0 0 1,tnv DVF tv 0 0 VS2,Spannenburg,544,0.1446039340776183,4
1 1 1 0 1 1,tnv DVF tv 0 VS VS2,Spannenburg,544,0.1446039340776183,5
1 1 1 1 0 1,tnv DVF tv VB 0 VS2,Amsterdam_Wee,76,0.1464354527938343,5
1 1 1 1 1 1,tnv DVF tv VB VS VS2,Amsterdam_Wee,76,0.1464354527938343,6
1 1 1 1 0 1,tnv DVF tv VB 0 VS2,Spannenburg,551,0.14646464646464646,5
1 1 1 1 1 1,tnv DVF tv VB VS VS2,Spannenburg,551,0.14646464646464646,6
1 1 0 1 0 0,tnv DVF 0 VB 0 0,Glasgow_Bal,55,0.14745308310991956,3
1 1 0 1 1 0,tnv DVF 0 VB VS 0,Glasgow_Bal,55,0.14745308310991956,4
1 1 0 0 0 1,tnv DVF 0 0 0 VS2,Amsterdam_Leid,132,0.15295480880648898,3
1 1 0 0 1 1,tnv DVF 0 0 VS VS2,Amsterdam_Leid,132,0.15295480880648898,4
1 0 0 0 0 1,tnv 0 0 0 0 VS2,Exeter_Maria,25,0.15527950310559005,2
1 0 0 0 1 1,tnv 0 0 0 VS VS2,Exeter_Maria,25,0.15527950310559005,3
1 1 0 0 0 1,tnv DVF 0 0 0 VS2,Exeter_Maria,25,0.15527950310559005,3
1 1 0 0 1 1,tnv DVF 0 0 VS VS2,Exeter_Maria,25,0.15527950310559005,4
0 0 0 0 0 1,0 0 0 0 0 VS2,South_Holland_Dla,32,0.1568627450980392,1
0 0 0 0 1 1,0 0 0 0 VS VS2,South_Holland_Dla,32,0.1568627450980392,2
0 0 0 1 0 1,0 0 0 VB 0 VS2,South_Holland_Dla,32,0.1568627450980392,2
0 0 0 1 1 1,0 0 0 VB VS VS2,South_Holland_Dla,32,0.1568627450980392,3
1 1 0 1 0 1,tnv DVF 0 VB 0 VS2,Amsterdam_Leid,136,0.15758980301274622,4
1 1 0 1 1 1,tnv DVF 0 VB VS VS2,Amsterdam_Leid,136,0.15758980301274622,5
0 1 1 0 0 0,0 DVF tv 0 0 0,Spannenburg,595,0.158160552897395,2
0 1 1 0 1 0,0 DVF tv 0 VS 0,Spannenburg,595,0.158160552897395,3
0 1 0 0 0 0,0 DVF 0 0 0 0,Glasgow_Bal,59,0.1581769436997319,1
0 1 0 0 1 0,0 DVF 0 0 VS 0,Glasgow_Bal,59,0.1581769436997319,2
1 1 1 0 0 0,tnv DVF tv 0 0 0,Dundee_Clat,190,0.1589958158995816,3
1 1 1 0 1 0,tnv DVF tv 0 VS 0,Dundee_Clat,190,0.1589958158995816,4
0 0 1 0 0 0,0 0 tv 0 0 0,Birmingham_Maria,87,0.1590493601462523,1
0 0 1 0 1 0,0 0 tv 0 VS 0,Birmingham_Maria,87,0.1590493601462523,2
0 1 1 1 0 0,0 DVF tv VB 0 0,Spannenburg,601,0.15975544922913343,3
0 1 1 1 1 0,0 DVF tv VB VS 0,Spannenburg,601,0.15975544922913343,4
1 0 0 0 0 1,tnv 0 0 0 0 VS2,Glasgow_Mil,31,0.15979381443298968,2
1 0 0 0 1 1,tnv 0 0 0 VS VS2,Glasgow_Mil,31,0.15979381443298968,3
0 0 0 0 0 1,0 0 0 0 0 VS2,Amsterdam_Wee,83,0.1599229287090559,1
0 0 0 0 1 1,0 0 0 0 VS VS2,Amsterdam_Wee,83,0.1599229287090559,2
0 0 1 0 0 0,0 0 tv 0 0 0,Dundee_Clat,196,0.16401673640167364,1
0 0 1 0 1 0,0 0 tv 0 VS 0,Dundee_Clat,196,0.16401673640167364,2
1 1 1 1 0 0,tnv DVF tv VB 0 0,Dundee_Clat,197,0.16485355648535566,4
1 1 1 1 1 0,tnv DVF tv VB VS 0,Dundee_Clat,197,0.16485355648535566,5
0 0 0 1 0 1,0 0 0 VB 0 VS2,Amsterdam_Wee,86,0.16570327552986513,2
0 0 0 1 1 1,0 0 0 VB VS VS2,Amsterdam_Wee,86,0.16570327552986513,3
0 1 1 0 0 0,0 DVF tv 0 0 0,Amsterdam_Wee,86,0.16570327552986513,2
0 1 1 0 1 0,0 DVF tv 0 VS 0,Amsterdam_Wee,86,0.16570327552986513,3
0 0 1 0 0 0,0 0 tv 0 0 0,Cardiff_Maria,103,0.16802610114192496,1
0 0 1 0 1 0,0 0 tv 0 VS 0,Cardiff_Maria,103,0.16802610114192496,2
1 0 0 0 0 1,tnv 0 0 0 0 VS2,Dundee_Clat,203,0.1698744769874477,2
1 0 0 0 1 1,tnv 0 0 0 VS VS2,Dundee_Clat,203,0.1698744769874477,3
0 0 1 1 0 0,0 0 tv VB 0 0,Birmingham_Maria,93,0.170018281535649,2
0 0 1 1 1 0,0 0 tv VB VS 0,Birmingham_Maria,93,0.170018281535649,3
0 0 1 1 0 0,0 0 tv VB 0 0,Dundee_Clat,204,0.1707112970711297,2
0 0 1 1 1 0,0 0 tv VB VS 0,Dundee_Clat,204,0.1707112970711297,3
1 0 1 0 0 0,tnv 0 tv 0 0 0,Glasgow_Bal,64,0.17158176943699732,2
1 0 1 0 1 0,tnv 0 tv 0 VS 0,Glasgow_Bal,64,0.17158176943699732,3
1 0 1 1 0 0,tnv 0 tv VB 0 0,Glasgow_Bal,64,0.17158176943699732,3
1 0 1 1 1 0,tnv 0 tv VB VS 0,Glasgow_Bal,64,0.17158176943699732,4
0 0 0 0 0 1,0 0 0 0 0 VS2,Spannenburg,646,0.1717171717171717,1
0 0 0 0 1 1,0 0 0 0 VS VS2,Spannenburg,646,0.1717171717171717,2
0 0 1 1 0 0,0 0 tv VB 0 0,Cardiff_Maria,106,0.1729200652528548,2
0 0 1 1 1 0,0 0 tv VB VS 0,Cardiff_Maria,106,0.1729200652528548,3
0 1 1 1 0 0,0 DVF tv VB 0 0,Amsterdam_Wee,90,0.17341040462427745,3
0 1 1 1 1 0,0 DVF tv VB VS 0,Amsterdam_Wee,90,0.17341040462427745,4
1 0 1 0 0 0,tnv 0 tv 0 0 0,Exeter_Maria,28,0.17391304347826086,2
1 0 1 0 1 0,tnv 0 tv 0 VS 0,Exeter_Maria,28,0.17391304347826086,3
0 0 0 1 0 1,0 0 0 VB 0 VS2,Spannenburg,661,0.1757044125465178,2
0 0 0 1 1 1,0 0 0 VB VS VS2,Spannenburg,661,0.1757044125465178,3
0 0 0 0 0 1,0 0 0 0 0 VS2,Birmingham_Maria,99,0.1809872029250457,1
0 0 0 0 1 1,0 0 0 0 VS VS2,Birmingham_Maria,99,0.1809872029250457,2
1 0 0 0 0 1,tnv 0 0 0 0 VS2,London_Maria,117,0.18195956454121306,2
1 0 0 0 1 1,tnv 0 0 0 VS VS2,London_Maria,117,0.18195956454121306,3
0 0 0 0 0 1,0 0 0 0 0 VS2,Cardiff_Maria,112,0.18270799347471453,1
0 0 0 0 1 1,0 0 0 0 VS VS2,Cardiff_Maria,112,0.18270799347471453,2
0 0 1 0 0 0,0 0 tv 0 0 0,London_Maria,118,0.18351477449455678,1
0 0 1 0 1 0,0 0 tv 0 VS 0,London_Maria,118,0.18351477449455678,2
0 1 1 0 0 0,0 DVF tv 0 0 0,Nieuwkoop_DHB,137,0.18389261744966443,2
0 1 1 0 1 0,0 DVF tv 0 VS 0,Nieuwkoop_DHB,137,0.18389261744966443,3
1 0 1 0 0 0,tnv 0 tv 0 0 0,Glasgow_Mil,36,0.18556701030927836,2
1 0 1 0 1 0,tnv 0 tv 0 VS 0,Glasgow_Mil,36,0.18556701030927836,3
1 1 0 0 0 1,tnv DVF 0 0 0 VS2,Glasgow_Mil,36,0.18556701030927836,3
1 1 0 0 1 1,tnv DVF 0 0 VS VS2,Glasgow_Mil,36,0.18556701030927836,4
0 1 1 1 0 0,0 DVF tv VB 0 0,Nieuwkoop_DHB,139,0.1865771812080537,3
0 1 1 1 1 0,0 DVF tv VB VS 0,Nieuwkoop_DHB,139,0.1865771812080537,4
1 0 0 1 0 1,tnv 0 0 VB 0 VS2,Dundee_Clat,223,0.18661087866108786,3
1 0 0 1 1 1,tnv 0 0 VB VS VS2,Dundee_Clat,223,0.18661087866108786,4
0 0 0 1 0 1,0 0 0 VB 0 VS2,Birmingham_Maria,104,0.19012797074954296,2
0 0 0 1 1 1,0 0 0 VB VS VS2,Birmingham_Maria,104,0.19012797074954296,3
0 0 1 1 0 0,0 0 tv VB 0 0,London_Maria,123,0.19129082426127528,2
0 0 1 1 1 0,0 0 tv VB VS 0,London_Maria,123,0.19129082426127528,3
1 0 1 0 0 0,tnv 0 tv 0 0 0,Dundee_Maria,45,0.19148936170212766,2
1 0 1 0 1 0,tnv 0 tv 0 VS 0,Dundee_Maria,45,0.19148936170212766,3
1 0 1 0 0 1,tnv 0 tv 0 0 VS2,Amsterdam_Leid,166,0.19235225955967555,3
1 0 1 0 1 1,tnv 0 tv 0 VS VS2,Amsterdam_Leid,166,0.19235225955967555,4
1 0 0 1 0 1,tnv 0 0 VB 0 VS2,Exeter_Maria,31,0.19254658385093168,3
1 0 0 1 1 1,tnv 0 0 VB VS VS2,Exeter_Maria,31,0.19254658385093168,4
1 0 1 1 0 0,tnv 0 tv VB 0 0,Exeter_Maria,31,0.19254658385093168,3
1 0 1 1 1 0,tnv 0 tv VB VS 0,Exeter_Maria,31,0.19254658385093168,4
1 1 0 1 0 1,tnv DVF 0 VB 0 VS2,Exeter_Maria,31,0.19254658385093168,4
1 1 0 1 1 1,tnv DVF 0 VB VS VS2,Exeter_Maria,31,0.19254658385093168,5
0 0 0 0 0 1,0 0 0 0 0 VS2,Nieuwkoop_DHB,145,0.19463087248322147,1
0 0 0 0 1 1,0 0 0 0 VS VS2,Nieuwkoop_DHB,145,0.19463087248322147,2
1 0 1 1 0 1,tnv 0 tv VB 0 VS2,Amsterdam_Leid,168,0.19466975666280417,4
1 0 1 1 1 1,tnv 0 tv VB VS VS2,Amsterdam_Leid,168,0.19466975666280417,5
0 1 0 1 0 0,0 DVF 0 VB 0 0,Glasgow_Bal,73,0.19571045576407506,2
0 1 0 1 1 0,0 DVF 0 VB VS 0,Glasgow_Bal,73,0.19571045576407506,3
0 0 0 1 0 1,0 0 0 VB 0 VS2,Cardiff_Maria,120,0.19575856443719414,2
0 0 0 1 1 1,0 0 0 VB VS VS2,Cardiff_Maria,120,0.19575856443719414,3
0 1 1 0 0 0,0 DVF tv 0 0 0,Amsterdam_Leid,169,0.19582850521436848,2
0 1 1 0 1 0,0 DVF tv 0 VS 0,Amsterdam_Leid,169,0.19582850521436848,3
1 0 0 1 0 1,tnv 0 0 VB 0 VS2,Glasgow_Mil,38,0.1958762886597938,3
1 0 0 1 1 1,tnv 0 0 VB VS VS2,Glasgow_Mil,38,0.1958762886597938,4
1 0 1 1 0 0,tnv 0 tv VB 0 0,Glasgow_Mil,38,0.1958762886597938,3
1 0 1 1 1 0,tnv 0 tv VB VS 0,Glasgow_Mil,38,0.1958762886597938,4
1 1 0 0 0 1,tnv DVF 0 0 0 VS2,Dundee_Clat,236,0.19748953974895397,3
1 1 0 0 1 1,tnv DVF 0 0 VS VS2,Dundee_Clat,236,0.19748953974895397,4
1 0 0 0 0 1,tnv 0 0 0 0 VS2,Glasgow_Bal,74,0.19839142091152814,2
1 0 0 0 1 1,tnv 0 0 0 VS VS2,Glasgow_Bal,74,0.19839142091152814,3
0 1 0 0 0 1,0 DVF 0 0 0 VS2,Amsterdam_Wee,103,0.19845857418111754,2
0 1 0 0 1 1,0 DVF 0 0 VS VS2,Amsterdam_Wee,103,0.19845857418111754,3
0 0 0 1 0 1,0 0 0 VB 0 VS2,Nieuwkoop_DHB,148,0.19865771812080538,2
0 0 0 1 1 1,0 0 0 VB VS VS2,Nieuwkoop_DHB,148,0.19865771812080538,3
0 0 0 0 0 1,0 0 0 0 0 VS2,Exeter_Maria,32,0.19875776397515527,1
0 0 0 0 1 1,0 0 0 0 VS VS2,Exeter_Maria,32,0.19875776397515527,2
1 1 1 0 0 0,tnv DVF tv 0 0 0,Exeter_Maria,32,0.19875776397515527,3
1 1 1 0 1 0,tnv DVF tv 0 VS 0,Exeter_Maria,32,0.19875776397515527,4
0 1 1 0 0 0,0 DVF tv 0 0 0,Birmingham_Maria,109,0.19926873857404023,2
0 1 1 0 1 0,0 DVF tv 0 VS 0,Birmingham_Maria,109,0.19926873857404023,3
1 0 1 0 0 1,tnv 0 tv 0 0 VS2,Birmingham_Maria,109,0.19926873857404023,3
1 0 1 0 1 1,tnv 0 tv 0 VS VS2,Birmingham_Maria,109,0.19926873857404023,4
1 0 1 1 0 1,tnv 0 tv VB 0 VS2,Birmingham_Maria,109,0.19926873857404023,4
1 0 1 1 1 1,tnv 0 tv VB VS VS2,Birmingham_Maria,109,0.19926873857404023,5
0 1 1 1 0 0,0 DVF tv VB 0 0,Amsterdam_Leid,172,0.1993047508690614,3
0 1 1 1 1 0,0 DVF tv VB VS 0,Amsterdam_Leid,172,0.1993047508690614,4
0 1 0 1 0 1,0 DVF 0 VB 0 VS2,Amsterdam_Wee,106,0.20423892100192678,3
0 1 0 1 1 1,0 DVF 0 VB VS VS2,Amsterdam_Wee,106,0.20423892100192678,4
1 1 1 0 0 1,tnv DVF tv 0 0 VS2,Birmingham_Maria,113,0.20658135283363802,4
1 1 1 0 1 1,tnv DVF tv 0 VS VS2,Birmingham_Maria,113,0.20658135283363802,5
1 1 1 1 0 1,tnv DVF tv VB 0 VS2,Birmingham_Maria,113,0.20658135283363802,5
1 1 1 1 1 1,tnv DVF tv VB VS VS2,Birmingham_Maria,113,0.20658135283363802,6
1 0 0 1 0 1,tnv 0 0 VB 0 VS2,London_Maria,134,0.208398133748056,3
1 0 0 1 1 1,tnv 0 0 VB VS VS2,London_Maria,134,0.208398133748056,4
1 0 1 1 0 0,tnv 0 tv VB 0 0,Dundee_Maria,49,0.20851063829787234,3
1 0 1 1 1 0,tnv 0 tv VB VS 0,Dundee_Maria,49,0.20851063829787234,4
0 1 1 1 0 0,0 DVF tv VB 0 0,Birmingham_Maria,115,0.21023765996343693,3
0 1 1 1 1 0,0 DVF tv VB VS 0,Birmingham_Maria,115,0.21023765996343693,4
1 1 1 0 0 1,tnv DVF tv 0 0 VS2,Amsterdam_Leid,183,0.21205098493626884,4
1 1 1 0 1 1,tnv DVF tv 0 VS VS2,Amsterdam_Leid,183,0.21205098493626884,5
1 1 0 1 0 1,tnv DVF 0 VB 0 VS2,Dundee_Clat,255,0.21338912133891214,4
1 1 0 1 1 1,tnv DVF 0 VB VS VS2,Dundee_Clat,255,0.21338912133891214,5
0 1 0 0 0 1,0 DVF 0 0 0 VS2,Birmingham_Maria,117,0.21389396709323583,2
0 1 0 0 1 1,0 DVF 0 0 VS VS2,Birmingham_Maria,117,0.21389396709323583,3
1 1 1 1 0 1,tnv DVF tv VB 0 VS2,Amsterdam_Leid,185,0.21436848203939746,5
1 1 1 1 1 1,tnv DVF tv VB VS VS2,Amsterdam_Leid,185,0.21436848203939746,6
1 1 0 0 0 1,tnv DVF 0 0 0 VS2,London_Maria,139,0.2161741835147745,3
1 1 0 0 1 1,tnv DVF 0 0 VS VS2,London_Maria,139,0.2161741835147745,4
1 1 1 1 0 0,tnv DVF tv VB 0 0,Exeter_Maria,35,0.21739130434782608,4
1 1 1 1 1 0,tnv DVF tv VB VS 0,Exeter_Maria,35,0.21739130434782608,5
1 1 1 0 0 0,tnv DVF tv 0 0 0,London_Maria,140,0.2177293934681182,3
1 1 1 0 1 0,tnv DVF tv 0 VS 0,London_Maria,140,0.2177293934681182,4
0 0 0 0 0 1,0 0 0 0 0 VS2,Dundee_Clat,261,0.21841004184100418,1
0 0 0 0 1 1,0 0 0 0 VS VS2,Dundee_Clat,261,0.21841004184100418,2
0 1 0 0 0 1,0 DVF 0 0 0 VS2,South_Holland_Dla,45,0.22058823529411764,2
0 1 0 0 1 1,0 DVF 0 0 VS VS2,South_Holland_Dla,45,0.22058823529411764,3
0 1 0 1 0 1,0 DVF 0 VB 0 VS2,South_Holland_Dla,45,0.22058823529411764,3
0 1 0 1 1 1,0 DVF 0 VB VS VS2,South_Holland_Dla,45,0.22058823529411764,4
0 1 0 1 0 1,0 DVF 0 VB 0 VS2,Birmingham_Maria,121,0.22120658135283364,3
0 1 0 1 1 1,0 DVF 0 VB VS VS2,Birmingham_Maria,121,0.22120658135283364,4
1 1 0 1 0 1,tnv DVF 0 VB 0 VS2,Glasgow_Mil,43,0.22164948453608246,4
1 1 0 1 1 1,tnv DVF 0 VB VS VS2,Glasgow_Mil,43,0.22164948453608246,5
1 1 1 0 0 0,tnv DVF tv 0 0 0,Glasgow_Mil,43,0.22164948453608246,3
1 1 1 0 1 0,tnv DVF tv 0 VS 0,Glasgow_Mil,43,0.22164948453608246,4
0 1 0 0 0 1,0 DVF 0 0 0 VS2,Exeter_Maria,36,0.2236024844720497,2
0 1 0 0 1 1,0 DVF 0 0 VS VS2,Exeter_Maria,36,0.2236024844720497,3
1 1 1 1 0 0,tnv DVF tv VB 0 0,London_Maria,144,0.223950233281493,4
1 1 1 1 1 0,tnv DVF tv VB VS 0,London_Maria,144,0.223950233281493,5
1 0 0 1 0 1,tnv 0 0 VB 0 VS2,Glasgow_Bal,84,0.225201072386059,3
1 0 0 1 1 1,tnv 0 0 VB VS VS2,Glasgow_Bal,84,0.225201072386059,4
1 0 1 0 0 0,tnv 0 tv 0 0 0,Aberdeen_Man,270,0.22594142259414227,2
1 0 1 0 1 0,tnv 0 tv 0 VS 0,Aberdeen_Man,270,0.22594142259414227,3
0 1 0 0 0 1,0 DVF 0 0 0 VS2,Cardiff_Maria,140,0.22838499184339314,2
0 1 0 0 1 1,0 DVF 0 0 VS VS2,Cardiff_Maria,140,0.22838499184339314,3
0 1 1 0 0 0,0 DVF tv 0 0 0,Cardiff_Maria,141,0.2300163132137031,2
0 1 1 0 1 0,0 DVF tv 0 VS 0,Cardiff_Maria,141,0.2300163132137031,3
1 0 1 0 0 1,tnv 0 tv 0 0 VS2,Cardiff_Maria,141,0.2300163132137031,3
1 0 1 0 1 1,tnv 0 tv 0 VS VS2,Cardiff_Maria,141,0.2300163132137031,4
1 0 1 1 0 1,tnv 0 tv VB 0 VS2,Cardiff_Maria,142,0.23164763458401305,4
1 0 1 1 1 1,tnv 0 tv VB VS VS2,Cardiff_Maria,142,0.23164763458401305,5
0 0 0 0 0 1,0 0 0 0 0 VS2,Amsterdam_Leid,200,0.23174971031286212,1
0 0 0 0 1 1,0 0 0 0 VS VS2,Amsterdam_Leid,200,0.23174971031286212,2
1 1 1 1 0 0,tnv DVF tv VB 0 0,Glasgow_Mil,45,0.23195876288659795,4
1 1 1 1 1 0,tnv DVF tv VB VS 0,Glasgow_Mil,45,0.23195876288659795,5
0 1 0 0 0 1,0 DVF 0 0 0 VS2,Spannenburg,877,0.23312068048910153,2
0 1 0 0 1 1,0 DVF 0 0 VS VS2,Spannenburg,877,0.23312068048910153,3
1 0 0 0 0 1,tnv 0 0 0 0 VS2,Dundee_Maria,55,0.23404255319148937,2
1 0 0 0 1 1,tnv 0 0 0 VS VS2,Dundee_Maria,55,0.23404255319148937,3
0 1 1 1 0 0,0 DVF tv VB 0 0,Cardiff_Maria,144,0.23491027732463296,3
0 1 1 1 1 0,0 DVF tv VB VS 0,Cardiff_Maria,144,0.23491027732463296,4
0 0 0 1 0 1,0 0 0 VB 0 VS2,Dundee_Clat,281,0.23514644351464434,2
0 0 0 1 1 1,0 0 0 VB VS VS2,Dundee_Clat,281,0.23514644351464434,3
1 0 1 0 0 0,tnv 0 tv 0 0 0,Edinburgh_Glen,504,0.23529411764705882,2
1 0 1 0 1 0,tnv 0 tv 0 VS 0,Edinburgh_Glen,504,0.23529411764705882,3
1 0 1 1 0 0,tnv 0 tv VB 0 0,Aberdeen_Man,282,0.23598326359832636,3
1 0 1 1 1 0,tnv 0 tv VB VS 0,Aberdeen_Man,282,0.23598326359832636,4
0 0 0 1 0 1,0 0 0 VB 0 VS2,Exeter_Maria,38,0.2360248447204969,2
0 0 0 1 1 1,0 0 0 VB VS VS2,Exeter_Maria,38,0.2360248447204969,3
0 0 0 1 0 1,0 0 0 VB 0 VS2,Amsterdam_Leid,204,0.23638470451911936,2
0 0 0 1 1 1,0 0 0 VB VS VS2,Amsterdam_Leid,204,0.23638470451911936,3
0 0 0 0 0 1,0 0 0 0 0 VS2,London_Maria,152,0.2363919129082426,1
0 0 0 0 1 1,0 0 0 0 VS VS2,London_Maria,152,0.2363919129082426,2
0 1 0 1 0 1,0 DVF 0 VB 0 VS2,Spannenburg,892,0.23710792131844763,3
0 1 0 1 1 1,0 DVF 0 VB VS VS2,Spannenburg,892,0.23710792131844763,4
1 1 0 1 0 1,tnv DVF 0 VB 0 VS2,London_Maria,154,0.23950233281493002,4
1 1 0 1 1 1,tnv DVF 0 VB VS VS2,London_Maria,154,0.23950233281493002,5
0 1 0 1 0 1,0 DVF 0 VB 0 VS2,Cardiff_Maria,148,0.24143556280587275,3
0 1 0 1 1 1,0 DVF 0 VB VS VS2,Cardiff_Maria,148,0.24143556280587275,4
1 1 1 0 0 0,tnv DVF tv 0 0 0,Dundee_Maria,57,0.2425531914893617,3
1 1 1 0 1 0,tnv DVF tv 0 VS 0,Dundee_Maria,57,0.2425531914893617,4
1 0 1 1 0 0,tnv 0 tv VB 0 0,Edinburgh_Glen,528,0.24649859943977592,3
1 0 1 1 1 0,tnv 0 tv VB VS 0,Edinburgh_Glen,528,0.24649859943977592,4
0 0 1 0 0 0,0 0 tv 0 0 0,Dundee_Maria,58,0.24680851063829787,1
0 0 1 0 1 0,0 0 tv 0 VS 0,Dundee_Maria,58,0.24680851063829787,2
0 0 1 0 0 0,0 0 tv 0 0 0,Glasgow_Mil,48,0.24742268041237114,1
0 0 1 0 1 0,0 0 tv 0 VS 0,Glasgow_Mil,48,0.24742268041237114,2
0 0 1 0 0 0,0 0 tv 0 0 0,Glasgow_Bal,93,0.24932975871313673,1
0 0 1 0 1 0,0 0 tv 0 VS 0,Glasgow_Bal,93,0.24932975871313673,2
0 0 1 1 0 0,0 0 tv VB 0 0,Glasgow_Bal,93,0.24932975871313673,2
0 0 1 1 1 0,0 0 tv VB VS 0,Glasgow_Bal,93,0.24932975871313673,3
0 1 1 0 0 0,0 DVF tv 0 0 0,Dundee_Clat,298,0.24937238493723848,2
0 1 1 0 1 0,0 DVF tv 0 VS 0,Dundee_Clat,298,0.24937238493723848,3
1 1 0 0 0 1,tnv DVF 0 0 0 VS2,Dundee_Maria,59,0.251063829787234,3
1 1 0 0 1 1,tnv DVF 0 0 VS VS2,Dundee_Maria,59,0.251063829787234,4
0 0 0 0 0 1,0 0 0 0 0 VS2,Glasgow_Mil,49,0.25257731958762886,1
0 0 0 0 1 1,0 0 0 0 VS VS2,Glasgow_Mil,49,0.25257731958762886,2
0 0 1 0 0 0,0 0 tv 0 0 0,Exeter_Maria,41,0.2546583850931677,1
0 0 1 0 1 0,0 0 tv 0 VS 0,Exeter_Maria,41,0.2546583850931677,2
1 1 1 1 0 0,tnv DVF tv VB 0 0,Dundee_Maria,60,0.2553191489361702,4
1 1 1 1 1 0,tnv DVF tv VB VS 0,Dundee_Maria,60,0.2553191489361702,5
0 1 1 1 0 0,0 DVF tv VB 0 0,Dundee_Clat,306,0.2560669456066946,3
0 1 1 1 1 0,0 DVF tv VB VS 0,Dundee_Clat,306,0.2560669456066946,4
0 0 1 1 0 0,0 0 tv VB 0 0,Glasgow_Mil,50,0.25773195876288657,2
0 0 1 1 1 0,0 0 tv VB VS 0,Glasgow_Mil,50,0.25773195876288657,3
0 1 0 1 0 1,0 DVF 0 VB 0 VS2,Exeter_Maria,42,0.2608695652173913,3
0 1 0 1 1 1,0 DVF 0 VB VS VS2,Exeter_Maria,42,0.2608695652173913,4
1 1 1 0 0 1,tnv DVF tv 0 0 VS2,Cardiff_Maria,161,0.2626427406199021,4
1 1 1 0 1 1,tnv DVF tv 0 VS VS2,Cardiff_Maria,161,0.2626427406199021,5
0 0 0 1 0 1,0 0 0 VB 0 VS2,London_Maria,169,0.26283048211508553,2
0 0 0 1 1 1,0 0 0 VB VS VS2,London_Maria,169,0.26283048211508553,3
0 0 1 1 0 0,0 0 tv VB 0 0,Dundee_Maria,62,0.26382978723404255,2
0 0 1 1 1 0,0 0 tv VB VS 0,Dundee_Maria,62,0.26382978723404255,3
1 1 1 1 0 1,tnv DVF tv VB 0 VS2,Cardiff_Maria,162,0.2642740619902121,5
1 1 1 1 1 1,tnv DVF tv VB VS VS2,Cardiff_Maria,162,0.2642740619902121,6
0 1 0 0 0 1,0 DVF 0 0 0 VS2,Nieuwkoop_DHB,198,0.2657718120805369,2
0 1 0 0 1 1,0 DVF 0 0 VS VS2,Nieuwkoop_DHB,198,0.2657718120805369,3
0 0 0 0 0 1,0 0 0 0 0 VS2,Dundee_Maria,63,0.2680851063829787,1
0 0 0 0 1 1,0 0 0 0 VS VS2,Dundee_Maria,63,0.2680851063829787,2
0 0 0 0 0 1,0 0 0 0 0 VS2,Glasgow_Bal,100,0.2680965147453083,1
0 0 0 0 1 1,0 0 0 0 VS VS2,Glasgow_Bal,100,0.2680965147453083,2
0 1 0 1 0 1,0 DVF 0 VB 0 VS2,Nieuwkoop_DHB,201,0.2697986577181208,3
0 1 0 1 1 1,0 DVF 0 VB VS VS2,Nieuwkoop_DHB,201,0.2697986577181208,4
1 0 0 1 0 1,tnv 0 0 VB 0 VS2,Dundee_Maria,64,0.2723404255319149,3
1 0 0 1 1 1,tnv 0 0 VB VS VS2,Dundee_Maria,64,0.2723404255319149,4
0 0 1 1 0 0,0 0 tv VB 0 0,Exeter_Maria,44,0.2732919254658385,2
0 0 1 1 1 0,0 0 tv VB VS 0,Exeter_Maria,44,0.2732919254658385,3
0 1 1 0 0 0,0 DVF tv 0 0 0,Exeter_Maria,44,0.2732919254658385,2
0 1 1 0 1 0,0 DVF tv 0 VS 0,Exeter_Maria,44,0.2732919254658385,3
1 1 0 0 0 1,tnv DVF 0 0 0 VS2,Glasgow_Bal,103,0.2761394101876676,3
1 1 0 0 1 1,tnv DVF 0 0 VS VS2,Glasgow_Bal,103,0.2761394101876676,4
0 1 0 0 0 1,0 DVF 0 0 0 VS2,Amsterdam_Leid,239,0.2769409038238702,2
0 1 0 0 1 1,0 DVF 0 0 VS VS2,Amsterdam_Leid,239,0.2769409038238702,3
0 1 0 0 0 1,0 DVF 0 0 0 VS2,Dundee_Clat,333,0.27866108786610877,2
0 1 0 0 1 1,0 DVF 0 0 VS VS2,Dundee_Clat,333,0.27866108786610877,3
1 1 1 0 0 0,tnv DVF tv 0 0 0,Glasgow_Bal,104,0.27882037533512066,3
1 1 1 0 1 0,tnv DVF tv 0 VS 0,Glasgow_Bal,104,0.27882037533512066,4
1 1 1 1 0 0,tnv DVF tv VB 0 0,Glasgow_Bal,104,0.27882037533512066,4
1 1 1 1 1 0,tnv DVF tv VB VS 0,Glasgow_Bal,104,0.27882037533512066,5
1 0 1 0 0 1,tnv 0 tv 0 0 VS2,Exeter_Maria,45,0.2795031055900621,3
1 0 1 0 1 1,tnv 0 tv 0 VS VS2,Exeter_Maria,45,0.2795031055900621,4
0 1 0 1 0 1,0 DVF 0 VB 0 VS2,Amsterdam_Leid,243,0.28157589803012745,3
0 1 0 1 1 1,0 DVF 0 VB VS VS2,Amsterdam_Leid,243,0.28157589803012745,4
1 0 1 1 0 1,tnv 0 tv VB 0 VS2,Exeter_Maria,46,0.2857142857142857,4
1 0 1 1 1 1,tnv 0 tv VB VS VS2,Exeter_Maria,46,0.2857142857142857,5
1 1 1 0 0 1,tnv DVF tv 0 0 VS2,Exeter_Maria,46,0.2857142857142857,4
1 1 1 0 1 1,tnv DVF tv 0 VS VS2,Exeter_Maria,46,0.2857142857142857,5
0 0 0 1 0 1,0 0 0 VB 0 VS2,Glasgow_Mil,56,0.28865979381443296,2
0 0 0 1 1 1,0 0 0 VB VS VS2,Glasgow_Mil,56,0.28865979381443296,3
0 1 0 0 0 1,0 DVF 0 0 0 VS2,Glasgow_Mil,56,0.28865979381443296,2
0 1 0 0 1 1,0 DVF 0 0 VS VS2,Glasgow_Mil,56,0.28865979381443296,3
0 1 1 0 0 0,0 DVF tv 0 0 0,London_Maria,186,0.2892690513219285,2
0 1 1 0 1 0,0 DVF tv 0 VS 0,London_Maria,186,0.2892690513219285,3
1 1 0 1 0 1,tnv DVF 0 VB 0 VS2,Dundee_Maria,68,0.28936170212765955,4
1 1 0 1 1 1,tnv DVF 0 VB VS VS2,Dundee_Maria,68,0.28936170212765955,5
0 1 1 1 0 0,0 DVF tv VB 0 0,Exeter_Maria,47,0.2919254658385093,3
0 1 1 1 1 0,0 DVF tv VB VS 0,Exeter_Maria,47,0.2919254658385093,4
1 1 1 1 0 1,tnv DVF tv VB 0 VS2,Exeter_Maria,47,0.2919254658385093,5
1 1 1 1 1 1,tnv DVF tv VB VS VS2,Exeter_Maria,47,0.2919254658385093,6
0 0 1 0 0 0,0 0 tv 0 0 0,Aberdeen_Man,349,0.2920502092050209,1
0 0 1 0 1 0,0 0 tv 0 VS 0,Aberdeen_Man,349,0.2920502092050209,2
0 1 1 0 0 0,0 DVF tv 0 0 0,Glasgow_Mil,57,0.29381443298969073,2
0 1 1 0 1 0,0 DVF tv 0 VS 0,Glasgow_Mil,57,0.29381443298969073,3
0 1 0 1 0 1,0 DVF 0 VB 0 VS2,Dundee_Clat,352,0.29456066945606696,3
0 1 0 1 1 1,0 DVF 0 VB VS VS2,Dundee_Clat,352,0.29456066945606696,4
0 0 0 1 0 1,0 0 0 VB 0 VS2,Glasgow_Bal,110,0.2949061662198391,2
0 0 0 1 1 1,0 0 0 VB VS VS2,Glasgow_Bal,110,0.2949061662198391,3
0 1 0 0 0 1,0 DVF 0 0 0 VS2,London_Maria,190,0.2954898911353033,2
0 1 0 0 1 1,0 DVF 0 0 VS VS2,London_Maria,190,0.2954898911353033,3
0 1 1 1 0 0,0 DVF tv VB 0 0,London_Maria,190,0.2954898911353033,3
0 1 1 1 1 0,0 DVF tv VB VS 0,London_Maria,190,0.2954898911353033,4
0 1 0 0 0 1,0 DVF 0 0 0 VS2,Dundee_Maria,71,0.3021276595744681,2
0 1 0 0 1 1,0 DVF 0 0 VS VS2,Dundee_Maria,71,0.3021276595744681,3
0 0 1 1 0 0,0 0 tv VB 0 0,Aberdeen_Man,362,0.302928870292887,2
0 0 1 1 1 0,0 0 tv VB VS 0,Aberdeen_Man,362,0.302928870292887,3
1 1 0 1 0 1,tnv DVF 0 VB 0 VS2,Glasgow_Bal,113,0.30294906166219837,4
1 1 0 1 1 1,tnv DVF 0 VB VS VS2,Glasgow_Bal,113,0.30294906166219837,5
0 1 1 1 0 0,0 DVF tv VB 0 0,Glasgow_Mil,59,0.30412371134020616,3
0 1 1 1 1 0,0 DVF tv VB VS 0,Glasgow_Mil,59,0.30412371134020616,4
1 0 1 0 0 1,tnv 0 tv 0 0 VS2,Dundee_Clat,364,0.30460251046025105,3
1 0 1 0 1 1,tnv 0 tv 0 VS VS2,Dundee_Clat,364,0.30460251046025105,4
0 0 0 1 0 1,0 0 0 VB 0 VS2,Dundee_Maria,72,0.30638297872340425,2
0 0 0 1 1 1,0 0 0 VB VS VS2,Dundee_Maria,72,0.30638297872340425,3
1 0 1 1 0 1,tnv 0 tv VB 0 VS2,Dundee_Clat,370,0.30962343096234307,4
1 0 1 1 1 1,tnv 0 tv VB VS VS2,Dundee_Clat,370,0.30962343096234307,5
0 1 1 0 0 0,0 DVF tv 0 0 0,Dundee_Maria,73,0.31063829787234043,2
0 1 1 0 1 0,0 DVF tv 0 VS 0,Dundee_Maria,73,0.31063829787234043,3
0 1 0 1 0 1,0 DVF 0 VB 0 VS2,London_Maria,205,0.3188180404354588,3
0 1 0 1 1 1,0 DVF 0 VB VS VS2,London_Maria,205,0.3188180404354588,4
0 1 1 1 0 0,0 DVF tv VB 0 0,Dundee_Maria,76,0.32340425531914896,3
0 1 1 1 1 0,0 DVF tv VB VS 0,Dundee_Maria,76,0.32340425531914896,4
0 1 0 1 0 1,0 DVF 0 VB 0 VS2,Glasgow_Mil,63,0.3247422680412371,3
0 1 0 1 1 1,0 DVF 0 VB VS VS2,Glasgow_Mil,63,0.3247422680412371,4
1 0 1 0 0 1,tnv 0 tv 0 0 VS2,London_Maria,209,0.3250388802488336,3
1 0 1 0 1 1,tnv 0 tv 0 VS VS2,London_Maria,209,0.3250388802488336,4
0 0 1 0 0 0,0 0 tv 0 0 0,Edinburgh_Glen,698,0.3258636788048553,1
0 0 1 0 1 0,0 0 tv 0 VS 0,Edinburgh_Glen,698,0.3258636788048553,2
1 1 1 0 0 1,tnv DVF tv 0 0 VS2,Dundee_Clat,396,0.3313807531380753,4
1 1 1 0 1 1,tnv DVF tv 0 VS VS2,Dundee_Clat,396,0.3313807531380753,5
1 0 1 1 0 1,tnv 0 tv VB 0 VS2,London_Maria,214,0.3328149300155521,4
1 0 1 1 1 1,tnv 0 tv VB VS VS2,London_Maria,214,0.3328149300155521,5
1 1 1 1 0 1,tnv DVF tv VB 0 VS2,Dundee_Clat,401,0.33556485355648535,5
1 1 1 1 1 1,tnv DVF tv VB VS VS2,Dundee_Clat,401,0.33556485355648535,6
0 0 1 1 0 0,0 0 tv VB 0 0,Edinburgh_Glen,722,0.3370681605975724,2
0 0 1 1 1 0,0 0 tv VB VS 0,Edinburgh_Glen,722,0.3370681605975724,3
0 1 0 1 0 1,0 DVF 0 VB 0 VS2,Dundee_Maria,80,0.3404255319148936,3
0 1 0 1 1 1,0 DVF 0 VB VS VS2,Dundee_Maria,80,0.3404255319148936,4
1 1 0 0 0 0,tnv DVF 0 0 0 0,Aberdeen_Man,407,0.34058577405857743,2
1 1 0 0 1 0,tnv DVF 0 0 VS 0,Aberdeen_Man,407,0.34058577405857743,3
1 1 0 0 0 0,tnv DVF 0 0 0 0,Edinburgh_Glen,730,0.3408029878618114,2
1 1 0 0 1 0,tnv DVF 0 0 VS 0,Edinburgh_Glen,730,0.3408029878618114,3
1 1 1 0 0 1,tnv DVF tv 0 0 VS2,London_Maria,225,0.3499222395023328,4
1 1 1 0 1 1,tnv DVF tv 0 VS VS2,London_Maria,225,0.3499222395023328,5
1 1 1 1 0 1,tnv DVF tv VB 0 VS2,London_Maria,230,0.35769828926905134,5
1 1 1 1 1 1,tnv DVF tv VB VS VS2,London_Maria,230,0.35769828926905134,6
1 1 0 1 0 0,tnv DVF 0 VB 0 0,Edinburgh_Glen,773,0.36087768440709617,3
1 1 0 1 1 0,tnv DVF 0 VB VS 0,Edinburgh_Glen,773,0.36087768440709617,4
1 0 1 0 0 1,tnv 0 tv 0 0 VS2,Glasgow_Mil,71,0.36597938144329895,3
1 0 1 0 1 1,tnv 0 tv 0 VS VS2,Glasgow_Mil,71,0.36597938144329895,4
1 0 1 1 0 1,tnv 0 tv VB 0 VS2,Glasgow_Mil,72,0.3711340206185567,4
1 0 1 1 1 1,tnv 0 tv VB VS VS2,Glasgow_Mil,72,0.3711340206185567,5
1 1 0 1 0 0,tnv DVF 0 VB 0 0,Aberdeen_Man,445,0.3723849372384937,3
1 1 0 1 1 0,tnv DVF 0 VB VS 0,Aberdeen_Man,445,0.3723849372384937,4
0 1 1 0 0 0,0 DVF tv 0 0 0,Glasgow_Bal,142,0.3806970509383378,2
0 1 1 0 1 0,0 DVF tv 0 VS 0,Glasgow_Bal,142,0.3806970509383378,3
0 1 1 1 0 0,0 DVF tv VB 0 0,Glasgow_Bal,142,0.3806970509383378,3
0 1 1 1 1 0,0 DVF tv VB VS 0,Glasgow_Bal,142,0.3806970509383378,4
1 1 1 0 0 1,tnv DVF tv 0 0 VS2,Glasgow_Mil,74,0.38144329896907214,4
1 1 1 0 1 1,tnv DVF tv 0 VS VS2,Glasgow_Mil,74,0.38144329896907214,5
1 1 1 1 0 1,tnv DVF tv VB 0 VS2,Glasgow_Mil,75,0.3865979381443299,5
1 1 1 1 1 1,tnv DVF tv VB VS VS2,Glasgow_Mil,75,0.3865979381443299,6
0 1 0 0 0 1,0 DVF 0 0 0 VS2,Glasgow_Bal,145,0.38873994638069703,2
0 1 0 0 1 1,0 DVF 0 0 VS VS2,Glasgow_Bal,145,0.38873994638069703,3
1 0 1 0 0 1,tnv 0 tv 0 0 VS2,Glasgow_Bal,146,0.3914209115281501,3
1 0 1 0 1 1,tnv 0 tv 0 VS VS2,Glasgow_Bal,146,0.3914209115281501,4
1 0 1 1 0 1,tnv 0 tv VB 0 VS2,Glasgow_Bal,147,0.3941018766756032,4
1 0 1 1 1 1,tnv 0 tv VB VS VS2,Glasgow_Bal,147,0.3941018766756032,5
0 1 0 1 0 1,0 DVF 0 VB 0 VS2,Glasgow_Bal,155,0.4155495978552279,3
0 1 0 1 1 1,0 DVF 0 VB VS VS2,Glasgow_Bal,155,0.4155495978552279,4
1 1 1 0 0 1,tnv DVF tv 0 0 VS2,Glasgow_Bal,160,0.4289544235924933,4
1 1 1 0 1 1,tnv DVF tv 0 VS VS2,Glasgow_Bal,160,0.4289544235924933,5
0 0 1 0 0 1,0 0 tv 0 0 VS2,South_Holland_Dla,88,0.43137254901960786,2
0 0 1 0 1 1,0 0 tv 0 VS VS2,South_Holland_Dla,88,0.43137254901960786,3
0 0 1 1 0 1,0 0 tv VB 0 VS2,South_Holland_Dla,88,0.43137254901960786,3
0 0 1 1 1 1,0 0 tv VB VS VS2,South_Holland_Dla,88,0.43137254901960786,4
1 1 1 1 0 1,tnv DVF tv VB 0 VS2,Glasgow_Bal,161,0.4316353887399464,5
1 1 1 1 1 1,tnv DVF tv VB VS VS2,Glasgow_Bal,161,0.4316353887399464,6
0 1 0 0 0 0,0 DVF 0 0 0 0,Edinburgh_Glen,930,0.4341736694677871,1
0 1 0 0 1 0,0 DVF 0 0 VS 0,Edinburgh_Glen,930,0.4341736694677871,2
1 0 0 0 0 1,tnv 0 0 0 0 VS2,Aberdeen_Man,520,0.4351464435146444,2
1 0 0 0 1 1,tnv 0 0 0 VS VS2,Aberdeen_Man,520,0.4351464435146444,3
0 1 0 0 0 0,0 DVF 0 0 0 0,Aberdeen_Man,523,0.4376569037656904,1
0 1 0 0 1 0,0 DVF 0 0 VS 0,Aberdeen_Man,523,0.4376569037656904,2
1 0 0 1 0 1,tnv 0 0 VB 0 VS2,Aberdeen_Man,524,0.4384937238493724,3
1 0 0 1 1 1,tnv 0 0 VB VS VS2,Aberdeen_Man,524,0.4384937238493724,4
1 0 1 0 0 1,tnv 0 tv 0 0 VS2,Dundee_Maria,105,0.44680851063829785,3
1 0 1 0 1 1,tnv 0 tv 0 VS VS2,Dundee_Maria,105,0.44680851063829785,4
0 1 0 1 0 0,0 DVF 0 VB 0 0,Edinburgh_Glen,973,0.4542483660130719,2
0 1 0 1 1 0,0 DVF 0 VB VS 0,Edinburgh_Glen,973,0.4542483660130719,3
1 0 1 1 0 1,tnv 0 tv VB 0 VS2,Dundee_Maria,108,0.4595744680851064,4
1 0 1 1 1 1,tnv 0 tv VB VS VS2,Dundee_Maria,108,0.4595744680851064,5
1 1 1 0 0 1,tnv DVF tv 0 0 VS2,Dundee_Maria,109,0.46382978723404256,4
1 1 1 0 1 1,tnv DVF tv 0 VS VS2,Dundee_Maria,109,0.46382978723404256,5
0 1 0 1 0 0,0 DVF 0 VB 0 0,Aberdeen_Man,560,0.4686192468619247,2
0 1 0 1 1 0,0 DVF 0 VB VS 0,Aberdeen_Man,560,0.4686192468619247,3
0 1 1 0 0 1,0 DVF tv 0 0 VS2,South_Holland_Dla,96,0.47058823529411764,3
0 1 1 0 1 1,0 DVF tv 0 VS VS2,South_Holland_Dla,96,0.47058823529411764,4
0 1 1 1 0 1,0 DVF tv VB 0 VS2,South_Holland_Dla,96,0.47058823529411764,4
0 1 1 1 1 1,0 DVF tv VB VS VS2,South_Holland_Dla,96,0.47058823529411764,5
1 0 0 0 0 1,tnv 0 0 0 0 VS2,Edinburgh_Glen,1008,0.47058823529411764,2
1 0 0 0 1 1,tnv 0 0 0 VS VS2,Edinburgh_Glen,1008,0.47058823529411764,3
1 0 0 1 0 1,tnv 0 0 VB 0 VS2,Edinburgh_Glen,1019,0.4757236227824463,3
1 0 0 1 1 1,tnv 0 0 VB VS VS2,Edinburgh_Glen,1019,0.4757236227824463,4
1 1 1 1 0 1,tnv DVF tv VB 0 VS2,Dundee_Maria,112,0.4765957446808511,5
1 1 1 1 1 1,tnv DVF tv VB VS VS2,Dundee_Maria,112,0.4765957446808511,6
1 1 1 0 0 0,tnv DVF tv 0 0 0,Aberdeen_Man,615,0.5146443514644351,3
1 1 1 0 1 0,tnv DVF tv 0 VS 0,Aberdeen_Man,615,0.5146443514644351,4
1 1 1 1 0 0,tnv DVF tv VB 0 0,Aberdeen_Man,624,0.5221757322175732,4
1 1 1 1 1 0,tnv DVF tv VB VS 0,Aberdeen_Man,624,0.5221757322175732,5
1 1 1 0 0 0,tnv DVF tv 0 0 0,Edinburgh_Glen,1163,0.5429505135387488,3
1 1 1 0 1 0,tnv DVF tv 0 VS 0,Edinburgh_Glen,1163,0.5429505135387488,4
0 0 1 0 0 1,0 0 tv 0 0 VS2,Nieuwkoop_DHB,405,0.5436241610738255,2
0 0 1 0 1 1,0 0 tv 0 VS VS2,Nieuwkoop_DHB,405,0.5436241610738255,3
0 0 1 1 0 1,0 0 tv VB 0 VS2,Nieuwkoop_DHB,407,0.5463087248322148,3
0 0 1 1 1 1,0 0 tv VB VS VS2,Nieuwkoop_DHB,407,0.5463087248322148,4
1 1 1 1 0 0,tnv DVF tv VB 0 0,Edinburgh_Glen,1174,0.5480859010270775,4
1 1 1 1 1 0,tnv DVF tv VB VS 0,Edinburgh_Glen,1174,0.5480859010270775,5
0 0 0 0 0 1,0 0 0 0 0 VS2,Aberdeen_Man,659,0.5514644351464435,1
0 0 0 0 1 1,0 0 0 0 VS VS2,Aberdeen_Man,659,0.5514644351464435,2
0 0 0 1 0 1,0 0 0 VB 0 VS2,Aberdeen_Man,664,0.5556485355648536,2
0 0 0 1 1 1,0 0 0 VB VS VS2,Aberdeen_Man,664,0.5556485355648536,3
0 1 1 0 0 1,0 DVF tv 0 0 VS2,Nieuwkoop_DHB,417,0.5597315436241611,3
0 1 1 0 1 1,0 DVF tv 0 VS VS2,Nieuwkoop_DHB,417,0.5597315436241611,4
0 1 1 1 0 1,0 DVF tv VB 0 VS2,Nieuwkoop_DHB,419,0.5624161073825503,4
0 1 1 1 1 1,0 DVF tv VB VS VS2,Nieuwkoop_DHB,419,0.5624161073825503,5
0 0 1 0 0 1,0 0 tv 0 0 VS2,Amsterdam_Wee,296,0.5703275529865125,2
0 0 1 0 1 1,0 0 tv 0 VS VS2,Amsterdam_Wee,296,0.5703275529865125,3
0 0 1 1 0 1,0 0 tv VB 0 VS2,Amsterdam_Wee,297,0.5722543352601156,3
0 0 1 1 1 1,0 0 tv VB VS VS2,Amsterdam_Wee,297,0.5722543352601156,4
0 1 1 0 0 1,0 DVF tv 0 0 VS2,Amsterdam_Wee,297,0.5722543352601156,3
0 1 1 0 1 1,0 DVF tv 0 VS VS2,Amsterdam_Wee,297,0.5722543352601156,4
0 1 1 1 0 1,0 DVF tv VB 0 VS2,Amsterdam_Wee,298,0.5741811175337187,4
0 1 1 1 1 1,0 DVF tv VB VS VS2,Amsterdam_Wee,298,0.5741811175337187,5
0 0 0 0 0 1,0 0 0 0 0 VS2,Edinburgh_Glen,1253,0.5849673202614379,1
0 0 0 0 1 1,0 0 0 0 VS VS2,Edinburgh_Glen,1253,0.5849673202614379,2
1 1 0 0 0 1,tnv DVF 0 0 0 VS2,Aberdeen_Man,702,0.5874476987447699,3
1 1 0 0 1 1,tnv DVF 0 0 VS VS2,Aberdeen_Man,702,0.5874476987447699,4
0 0 0 1 0 1,0 0 0 VB 0 VS2,Edinburgh_Glen,1264,0.5901027077497666,2
0 0 0 1 1 1,0 0 0 VB VS VS2,Edinburgh_Glen,1264,0.5901027077497666,3
1 1 0 1 0 1,tnv DVF 0 VB 0 VS2,Aberdeen_Man,706,0.590794979079498,4
1 1 0 1 1 1,tnv DVF 0 VB VS VS2,Aberdeen_Man,706,0.590794979079498,5
0 0 1 0 0 1,0 0 tv 0 0 VS2,Spannenburg,2232,0.5933014354066986,2
0 0 1 0 1 1,0 0 tv 0 VS VS2,Spannenburg,2232,0.5933014354066986,3
0 0 1 1 0 1,0 0 tv VB 0 VS2,Spannenburg,2240,0.5954279638490165,3
0 0 1 1 1 1,0 0 tv VB VS VS2,Spannenburg,2240,0.5954279638490165,4
0 0 1 0 0 1,0 0 tv 0 0 VS2,Amsterdam_Leid,523,0.6060254924681344,2
0 0 1 0 1 1,0 0 tv 0 VS VS2,Amsterdam_Leid,523,0.6060254924681344,3
0 0 1 1 0 1,0 0 tv VB 0 VS2,Amsterdam_Leid,525,0.608342989571263,3
0 0 1 1 1 1,0 0 tv VB VS VS2,Amsterdam_Leid,525,0.608342989571263,4
0 0 1 0 0 1,0 0 tv 0 0 VS2,Exeter_Maria,98,0.6086956521739131,2
0 0 1 0 1 1,0 0 tv 0 VS VS2,Exeter_Maria,98,0.6086956521739131,3
0 1 1 0 0 1,0 DVF tv 0 0 VS2,Spannenburg,2295,0.6100478468899522,3
0 1 1 0 1 1,0 DVF tv 0 VS VS2,Spannenburg,2295,0.6100478468899522,4
0 1 1 1 0 1,0 DVF tv VB 0 VS2,Spannenburg,2303,0.61217437533227,4
0 1 1 1 1 1,0 DVF tv VB VS VS2,Spannenburg,2303,0.61217437533227,5
1 1 0 0 0 1,tnv DVF 0 0 0 VS2,Edinburgh_Glen,1316,0.6143790849673203,3
1 1 0 0 1 1,tnv DVF 0 0 VS VS2,Edinburgh_Glen,1316,0.6143790849673203,4
0 0 1 1 0 1,0 0 tv VB 0 VS2,Exeter_Maria,99,0.6149068322981367,3
0 0 1 1 1 1,0 0 tv VB VS VS2,Exeter_Maria,99,0.6149068322981367,4
0 1 1 0 0 1,0 DVF tv 0 0 VS2,Amsterdam_Leid,531,0.6152954808806489,3
0 1 1 0 1 1,0 DVF tv 0 VS VS2,Amsterdam_Leid,531,0.6152954808806489,4
1 0 1 0 0 1,tnv 0 tv 0 0 VS2,Aberdeen_Man,736,0.6158995815899582,3
1 0 1 0 1 1,tnv 0 tv 0 VS VS2,Aberdeen_Man,736,0.6158995815899582,4
1 0 1 1 0 1,tnv 0 tv VB 0 VS2,Aberdeen_Man,737,0.6167364016736402,4
1 0 1 1 1 1,tnv 0 tv VB VS VS2,Aberdeen_Man,737,0.6167364016736402,5
1 1 0 1 0 1,tnv DVF 0 VB 0 VS2,Edinburgh_Glen,1322,0.6171802054154996,4
1 1 0 1 1 1,tnv DVF 0 VB VS VS2,Edinburgh_Glen,1322,0.6171802054154996,5
0 1 1 1 0 1,0 DVF tv VB 0 VS2,Amsterdam_Leid,533,0.6176129779837776,4
0 1 1 1 1 1,0 DVF tv VB VS VS2,Amsterdam_Leid,533,0.6176129779837776,5
0 1 1 0 0 0,0 DVF tv 0 0 0,Aberdeen_Man,744,0.6225941422594142,2
0 1 1 0 1 0,0 DVF tv 0 VS 0,Aberdeen_Man,744,0.6225941422594142,3
0 1 1 0 0 1,0 DVF tv 0 0 VS2,Exeter_Maria,101,0.6273291925465838,3
0 1 1 0 1 1,0 DVF tv 0 VS VS2,Exeter_Maria,101,0.6273291925465838,4
0 1 1 1 0 0,0 DVF tv VB 0 0,Aberdeen_Man,752,0.6292887029288703,3
0 1 1 1 1 0,0 DVF tv VB VS 0,Aberdeen_Man,752,0.6292887029288703,4
0 0 1 0 0 1,0 0 tv 0 0 VS2,Birmingham_Maria,345,0.6307129798903108,2
0 0 1 0 1 1,0 0 tv 0 VS VS2,Birmingham_Maria,345,0.6307129798903108,3
0 0 1 1 0 1,0 0 tv VB 0 VS2,Birmingham_Maria,345,0.6307129798903108,3
0 0 1 1 1 1,0 0 tv VB VS VS2,Birmingham_Maria,345,0.6307129798903108,4
0 1 1 1 0 1,0 DVF tv VB 0 VS2,Exeter_Maria,102,0.6335403726708074,4
0 1 1 1 1 1,0 DVF tv VB VS VS2,Exeter_Maria,102,0.6335403726708074,5
0 1 1 0 0 1,0 DVF tv 0 0 VS2,Birmingham_Maria,347,0.6343692870201096,3
0 1 1 0 1 1,0 DVF tv 0 VS VS2,Birmingham_Maria,347,0.6343692870201096,4
0 1 1 1 0 1,0 DVF tv VB 0 VS2,Birmingham_Maria,347,0.6343692870201096,4
0 1 1 1 1 1,0 DVF tv VB VS VS2,Birmingham_Maria,347,0.6343692870201096,5
0 1 1 0 0 0,0 DVF tv 0 0 0,Edinburgh_Glen,1393,0.6503267973856209,2
0 1 1 0 1 0,0 DVF tv 0 VS 0,Edinburgh_Glen,1393,0.6503267973856209,3
0 1 1 1 0 0,0 DVF tv VB 0 0,Edinburgh_Glen,1404,0.6554621848739496,3
0 1 1 1 1 0,0 DVF tv VB VS 0,Edinburgh_Glen,1404,0.6554621848739496,4
1 0 1 0 0 1,tnv 0 tv 0 0 VS2,Edinburgh_Glen,1414,0.6601307189542484,3
1 0 1 0 1 1,tnv 0 tv 0 VS VS2,Edinburgh_Glen,1414,0.6601307189542484,4
1 0 1 1 0 1,tnv 0 tv VB 0 VS2,Edinburgh_Glen,1417,0.661531279178338,4
1 0 1 1 1 1,tnv 0 tv VB VS VS2,Edinburgh_Glen,1417,0.661531279178338,5
0 0 1 0 0 1,0 0 tv 0 0 VS2,Glasgow_Mil,130,0.6701030927835051,2
0 0 1 0 1 1,0 0 tv 0 VS VS2,Glasgow_Mil,130,0.6701030927835051,3
0 0 1 1 0 1,0 0 tv VB 0 VS2,Glasgow_Mil,131,0.6752577319587629,3
0 0 1 1 1 1,0 0 tv VB VS VS2,Glasgow_Mil,131,0.6752577319587629,4
0 1 1 0 0 1,0 DVF tv 0 0 VS2,Glasgow_Mil,131,0.6752577319587629,3
0 1 1 0 1 1,0 DVF tv 0 VS VS2,Glasgow_Mil,131,0.6752577319587629,4
0 0 1 0 0 1,0 0 tv 0 0 VS2,Cardiff_Maria,414,0.6753670473083198,2
0 0 1 0 1 1,0 0 tv 0 VS VS2,Cardiff_Maria,414,0.6753670473083198,3
0 0 1 1 0 1,0 0 tv VB 0 VS2,Cardiff_Maria,415,0.6769983686786297,3
0 0 1 1 1 1,0 0 tv VB VS VS2,Cardiff_Maria,415,0.6769983686786297,4
0 1 1 1 0 1,0 DVF tv VB 0 VS2,Glasgow_Mil,132,0.6804123711340206,4
0 1 1 1 1 1,0 DVF tv VB VS VS2,Glasgow_Mil,132,0.6804123711340206,5
0 1 1 0 0 1,0 DVF tv 0 0 VS2,Cardiff_Maria,418,0.6818923327895595,3
0 1 1 0 1 1,0 DVF tv 0 VS VS2,Cardiff_Maria,418,0.6818923327895595,4
0 1 1 1 0 1,0 DVF tv VB 0 VS2,Cardiff_Maria,419,0.6835236541598695,4
0 1 1 1 1 1,0 DVF tv VB VS VS2,Cardiff_Maria,419,0.6835236541598695,5
1 1 1 0 0 1,tnv DVF tv 0 0 VS2,Aberdeen_Man,830,0.694560669456067,4
1 1 1 0 1 1,tnv DVF tv 0 VS VS2,Aberdeen_Man,830,0.694560669456067,5
1 1 1 1 0 1,tnv DVF tv VB 0 VS2,Aberdeen_Man,830,0.694560669456067,5
1 1 1 1 1 1,tnv DVF tv VB VS VS2,Aberdeen_Man,830,0.694560669456067,6
0 0 1 0 0 1,0 0 tv 0 0 VS2,Glasgow_Bal,263,0.7050938337801609,2
0 0 1 0 1 1,0 0 tv 0 VS VS2,Glasgow_Bal,263,0.7050938337801609,3
0 0 1 0 0 1,0 0 tv 0 0 VS2,London_Maria,454,0.7060653188180405,2
0 0 1 0 1 1,0 0 tv 0 VS VS2,London_Maria,454,0.7060653188180405,3
0 0 1 1 0 1,0 0 tv VB 0 VS2,Glasgow_Bal,264,0.707774798927614,3
0 0 1 1 1 1,0 0 tv VB VS VS2,Glasgow_Bal,264,0.707774798927614,4
0 0 1 0 0 1,0 0 tv 0 0 VS2,Dundee_Clat,847,0.7087866108786611,2
0 0 1 0 1 1,0 0 tv 0 VS VS2,Dundee_Clat,847,0.7087866108786611,3
0 1 0 0 0 1,0 DVF 0 0 0 VS2,Aberdeen_Man,848,0.7096234309623431,2
0 1 0 0 1 1,0 DVF 0 0 VS VS2,Aberdeen_Man,848,0.7096234309623431,3
0 1 0 1 0 1,0 DVF 0 VB 0 VS2,Aberdeen_Man,851,0.7121338912133891,3
0 1 0 1 1 1,0 DVF 0 VB VS VS2,Aberdeen_Man,851,0.7121338912133891,4
0 0 1 1 0 1,0 0 tv VB 0 VS2,Dundee_Clat,852,0.7129707112970711,3
0 0 1 1 1 1,0 0 tv VB VS VS2,Dundee_Clat,852,0.7129707112970711,4
0 0 1 1 0 1,0 0 tv VB 0 VS2,London_Maria,459,0.713841368584759,3
0 0 1 1 1 1,0 0 tv VB VS VS2,London_Maria,459,0.713841368584759,4
0 1 1 0 0 1,0 DVF tv 0 0 VS2,London_Maria,462,0.71850699844479,3
0 1 1 0 1 1,0 DVF tv 0 VS VS2,London_Maria,462,0.71850699844479,4
0 1 1 0 0 1,0 DVF tv 0 0 VS2,Dundee_Clat,859,0.7188284518828452,3
0 1 1 0 1 1,0 DVF tv 0 VS VS2,Dundee_Clat,859,0.7188284518828452,4
0 1 1 1 0 1,0 DVF tv VB 0 VS2,Dundee_Clat,863,0.7221757322175733,4
0 1 1 1 1 1,0 DVF tv VB VS VS2,Dundee_Clat,863,0.7221757322175733,5
0 1 1 1 0 1,0 DVF tv VB 0 VS2,London_Maria,467,0.7262830482115086,4
0 1 1 1 1 1,0 DVF tv VB VS VS2,London_Maria,467,0.7262830482115086,5
0 1 1 0 0 1,0 DVF tv 0 0 VS2,Glasgow_Bal,271,0.7265415549597856,3
0 1 1 0 1 1,0 DVF tv 0 VS VS2,Glasgow_Bal,271,0.7265415549597856,4
0 1 1 1 0 1,0 DVF tv VB 0 VS2,Glasgow_Bal,272,0.7292225201072386,4
0 1 1 1 1 1,0 DVF tv VB VS VS2,Glasgow_Bal,272,0.7292225201072386,5
1 1 1 0 0 1,tnv DVF tv 0 0 VS2,Edinburgh_Glen,1569,0.7324929971988795,4
1 1 1 0 1 1,tnv DVF tv 0 VS VS2,Edinburgh_Glen,1569,0.7324929971988795,5
1 1 1 1 0 1,tnv DVF tv VB 0 VS2,Edinburgh_Glen,1571,0.7334267040149393,5
1 1 1 1 1 1,tnv DVF tv VB VS VS2,Edinburgh_Glen,1571,0.7334267040149393,6
0 1 0 0 0 1,0 DVF 0 0 0 VS2,Edinburgh_Glen,1581,0.7380952380952381,2
0 1 0 0 1 1,0 DVF 0 0 VS VS2,Edinburgh_Glen,1581,0.7380952380952381,3
0 1 0 1 0 1,0 DVF 0 VB 0 VS2,Edinburgh_Glen,1587,0.7408963585434174,3
0 1 0 1 1 1,0 DVF 0 VB VS VS2,Edinburgh_Glen,1587,0.7408963585434174,4
0 0 1 0 0 1,0 0 tv 0 0 VS2,Dundee_Maria,179,0.7617021276595745,2
0 0 1 0 1 1,0 0 tv 0 VS VS2,Dundee_Maria,179,0.7617021276595745,3
0 1 1 0 0 1,0 DVF tv 0 0 VS2,Dundee_Maria,180,0.7659574468085106,3
0 1 1 0 1 1,0 DVF tv 0 VS VS2,Dundee_Maria,180,0.7659574468085106,4
0 0 1 1 0 1,0 0 tv VB 0 VS2,Dundee_Maria,182,0.774468085106383,3
0 0 1 1 1 1,0 0 tv VB VS VS2,Dundee_Maria,182,0.774468085106383,4
0 1 1 1 0 1,0 DVF tv VB 0 VS2,Dundee_Maria,183,0.7787234042553192,4
0 1 1 1 1 1,0 DVF tv VB VS VS2,Dundee_Maria,183,0.7787234042553192,5
0 0 1 0 0 1,0 0 tv 0 0 VS2,Aberdeen_Man,1016,0.8502092050209205,2
0 0 1 0 1 1,0 0 tv 0 VS VS2,Aberdeen_Man,1016,0.8502092050209205,3
0 0 1 1 0 1,0 0 tv VB 0 VS2,Aberdeen_Man,1016,0.8502092050209205,3
0 0 1 1 1 1,0 0 tv VB VS VS2,Aberdeen_Man,1016,0.8502092050209205,4
0 1 1 0 0 1,0 DVF tv 0 0 VS2,Aberdeen_Man,1026,0.8585774058577406,3
0 1 1 0 1 1,0 DVF tv 0 VS VS2,Aberdeen_Man,1026,0.8585774058577406,4
0 1 1 1 0 1,0 DVF tv VB 0 VS2,Aberdeen_Man,1026,0.8585774058577406,4
0 1 1 1 1 1,0 DVF tv VB VS VS2,Aberdeen_Man,1026,0.8585774058577406,5
0 0 1 0 0 1,0 0 tv 0 0 VS2,Edinburgh_Glen,1908,0.8907563025210085,2
0 0 1 0 1 1,0 0 tv 0 VS VS2,Edinburgh_Glen,1908,0.8907563025210085,3
0 0 1 1 0 1,0 0 tv VB 0 VS2,Edinburgh_Glen,1911,0.8921568627450981,3
0 0 1 1 1 1,0 0 tv VB VS VS2,Edinburgh_Glen,1911,0.8921568627450981,4
0 1 1 0 0 1,0 DVF tv 0 0 VS2,Edinburgh_Glen,1939,0.9052287581699346,3
0 1 1 0 1 1,0 DVF tv 0 VS VS2,Edinburgh_Glen,1939,0.9052287581699346,4
0 1 1 1 0 1,0 DVF tv VB 0 VS2,Edinburgh_Glen,1941,0.9061624649859944,4
0 1 1 1 1 1,0 DVF tv VB VS VS2,Edinburgh_Glen,1941,0.9061624649859944,5
